MSA_GEOID,MSA_NAME,avg_frequency,chain_pct,trump_pct,majority_vote,median_income,pop_density,walkscore
10180,"Abilene, TX",1891.30626450116,0.522041763341067,0.743025367183538,Trump,45866.060324826,1915.43394545393,32.9352668213457
10420,"Akron, OH",1520.44529262087,0.418999151823579,0.461486558018603,Clinton,61193.0568278202,1877.22315044032,25.8506361323155
10500,"Albany, GA",2335.20375335121,0.53083109919571,0.395410815490431,Clinton,40240.0053619303,1272.3347089665,25.5300268096515
10540,"Albany-Lebanon, OR",1292.26553672316,0.282485875706215,0.570309439874657,Trump,44985.5310734463,1662.18230916046,36.6005649717514
10580,"Albany-Schenectady-Troy, NY",1184.27827233762,0.293109132871744,0.422450875890909,Clinton,62549.8331684801,3797.30265516123,40.9788658094296
10740,"Albuquerque, NM",1479.65478841871,0.435634743875278,0.363068225080805,Clinton,46889.9505567929,3448.24392395527,44.5745211581292
10780,"Alexandria, LA",2107.38360655738,0.459016393442623,0.652077226078568,Trump,41756.8557377049,1262.33881884468,26.5796721311475
10900,"Allentown-Bethlehem-Easton, PA-NJ",670.08192281652,0.275558564658091,0.518126658987079,Trump,63719.8639133378,3018.7864513632,35.2612728503724
11020,"Altoona, PA",1707.16713091922,0.428969359331476,0.707161055998265,Trump,45343.2339832869,2698.00842821317,38.791364902507
11100,"Amarillo, TX",697.74378585086,0.458891013384321,0.736053042778777,Trump,49315.3460803059,2601.15303376918,42.7239005736138
11180,"Ames, IA",1698.29655172414,0.458620689655172,0.41316134312274,Clinton,44738.5896551724,2167.14339854134,41.3020689655172
11460,"Ann Arbor, MI",1427.48107569721,0.399402390438247,0.268488370859803,Clinton,62082.780876494,5905.57895282128,50.0557768924303
11500,"Anniston-Oxford, AL",1959.41064638783,0.574144486692015,0.447520357308206,Clinton,39201.7376425856,677.913609392956,21.3049429657795
11540,"Appleton, WI",1389.08393632417,0.354558610709117,0.539345183487713,Trump,58814.3444283647,2260.68448424086,32.2960926193922
11700,"Asheville, NC",1282.14248704663,0.367227979274611,0.473991952088566,Clinton,44778.9015544041,1400.17750203942,31.3465025906736
12020,"Athens-Clarke County, GA",1222.4118616145,0.42998352553542,0.377727331069508,Clinton,33259.3426688633,2843.9049976729,39.1387149917628
12060,"Atlanta-Sandy Springs-Alpharetta, GA",1343.78409825469,0.429411764705882,0.403701674048831,Clinton,65426.4615384615,2948.92485348681,30.2750549450549
12100,"Atlantic City-Hammonton, NJ",400.01540436457,0.251604621309371,0.448960463531016,Clinton,56678.9602053915,2872.03651678241,39.4130937098845
12220,"Auburn-Opelika, AL",1349.10336538462,0.46875,0.371997807795222,Clinton,35357.1586538462,1909.14326129968,24.7334134615385
12260,"Augusta-Richmond County, GA-SC",1711.85013623978,0.52724795640327,0.435227713793517,Clinton,49299.9734332425,1375.66958832289,21.4288147138965
12420,"Austin-Round Rock-Georgetown, TX",926.667472375691,0.373618784530387,0.391525381630729,Clinton,72163.2023480663,3044.39323945575,34.9516574585635
12540,"Bakersfield, CA",1724.79068396226,0.461084905660377,0.530727423893055,Trump,50374.3213443396,3792.48609811759,38.3120283018868
12580,"Baltimore-Columbia-Towson, MD",1232.9954624316,0.331776324569598,0.32219178138226,Clinton,77438.1294541572,6141.70359955574,49.9368343787535
12620,"Bangor, ME",1869.58717948718,0.376923076923077,0.510386729188726,Trump,47110.7769230769,1355.87629558623,30.9135897435897
12700,"Barnstable Town, MA",535.277080062794,0.189952904238619,0.398428351536666,Clinton,61412.2009419152,704.035992760521,30.707535321821
12940,"Baton Rouge, LA",1825.12347988775,0.449953227315248,0.523997231724194,Trump,56324.147333957,1687.68153340242,27.2508419083255
12980,"Battle Creek, MI",2144.70481927711,0.430722891566265,0.53468473056942,Trump,47380.686746988,1213.39477434975,26.0490963855422
13020,"Bay City, MI",1917.78846153846,0.353846153846154,0.53472261547464,Trump,42498.9538461538,1908.68319378793,28.8011538461538
13140,"Beaumont-Port Arthur, TX",1934.1495601173,0.516129032258065,0.594017887126268,Trump,48669.8582600196,1690.53885334185,28.6604105571848
13220,"Beckley, WV",2095.35928143713,0.57185628742515,0.722890675977808,Trump,40253.2185628743,659.103217250088,17.2167664670659
13380,"Bellingham, WA",1241.37991266376,0.314410480349345,0.358208560160227,Clinton,49286.9403202329,2756.36576703257,43.3666666666667
13460,"Bend, OR",976.615873015873,0.287301587301587,0.463609890723135,Clinton,53938.3650793651,1783.28185764984,35.5726984126984
13740,"Billings, MT",1391.17435897436,0.345299145299145,0.602153324959447,Trump,52524.9846153846,2167.93021789916,39.6165811965812
13780,"Binghamton, NY",1613.43261455526,0.342318059299191,0.497542572005917,Clinton,46284.1940700809,2697.57025787256,38.4642857142857
13820,"Birmingham-Hoover, AL",1708.40043843624,0.509682133723054,0.35011464391839,Clinton,58247.4285714286,1682.44721524746,24.7522104493972
13900,"Bismarck, ND",1746.08771929825,0.47719298245614,0.687724244920494,Trump,58611.8631578947,2494.44017260392,42.240701754386
13980,"Blacksburg-Christiansburg, VA",1991.90758293839,0.511848341232228,0.521855371923181,Trump,51017.2867298578,816.419242864161,21.6464454976303
14010,"Bloomington, IL",2077.03614457831,0.513253012048193,0.45980119775267,Clinton,59196.6361445783,3041.93443653465,38.5807228915663
14020,"Bloomington, IN",1394.84545454545,0.436363636363636,0.374106425526697,Clinton,30763.3181818182,5820.95504001681,48.8684090909091
14100,"Bloomsburg-Berwick, PA",1773.68333333333,0.354166666666667,0.629160323423951,Trump,47621.1333333333,1800.78497147294,37.8891666666667
14260,"Boise City, ID",1484.2533026996,0.455485353245261,0.531082788213677,Trump,49783.5370476738,2665.59953552403,41.1060310166571
14460,"Boston-Cambridge-Newton, MA-NH",815.655933704453,0.279921558704453,0.297561456919708,Clinton,82958.1288588057,10833.9906510397,56.9754238360324
14500,"Boulder, CO",596.733746130031,0.314757481940145,0.220021791703208,Clinton,61172.4478844169,5160.96718112172,56.9533539731682
14540,"Bowling Green, KY",1830.53440366972,0.557339449541284,0.478423928431801,Clinton,40975.0275229358,2105.60243465684,30.6915137614679
14740,"Bremerton-Silverdale-Port Orchard, WA",1326.95281582953,0.313546423135464,0.380663197949833,Clinton,62604.3150684932,2492.27392229277,32.3044140030441
14860,"Bridgeport-Stamford-Norwalk, CT",887.144438444924,0.230561555075594,0.380082343220218,Clinton,92617.1833153348,5706.04989345683,48.9586123110151
15180,"Brownsville-Harlingen, TX",1497.93474088292,0.358925143953935,0.32008352274581,Clinton,36566.1842610365,3028.34876680302,40.9926103646833
15260,"Brunswick, GA",1389.75,0.427083333333333,0.639341245124305,Trump,47564.3875,721.300067305888,24.6860416666667
15380,"Buffalo-Cheektowaga, NY",1016.59576399395,0.293494704992436,0.466252159285461,Clinton,55684.9655068079,4179.78575427438,45.6125567322239
15500,"Burlington, NC",1770.90609137056,0.50253807106599,0.545483929901485,Trump,47883.0304568528,1398.29677937174,23.8291878172589
15540,"Burlington-South Burlington, VT",1201.0245398773,0.271472392638037,0.259907254468667,Clinton,61174.1641104294,2120.88232403512,36.8124233128834
15680,"California-Lexington Park, MD",1699.03361344538,0.42436974789916,0.575077244091329,Trump,85615.9159663866,665.655715832937,13.1651260504202
15940,"Canton-Massillon, OH",1900.99568965517,0.439655172413793,0.569809665963904,Trump,49587.8997844828,1906.64548969044,31.3487068965517
15980,"Cape Coral-Fort Myers, FL",1418.17347453353,0.373171961674231,0.58682192628538,Trump,53618.366616238,2142.74545736353,24.8221886031266
16020,"Cape Girardeau, MO-IL",1934.95416666667,0.5375,0.725299674509091,Trump,44345.2208333333,1743.53738857803,28.9920833333333
16060,"Carbondale-Marion, IL",1894.87601078167,0.444743935309973,0.560147614718584,Trump,37198.9946091644,1380.76250947843,30.3037735849057
16180,"Carson City, NV",1283.71794871795,0.425641025641025,0.524664214902462,Trump,57190.0615384615,2462.35392888293,32.6384615384615
16220,"Casper, WY",1843.63436123348,0.493392070484581,0.706249250329855,Trump,56528.9339207048,2108.01727026933,36.7506607929515
16300,"Cedar Rapids, IA",1539.12569060773,0.417127071823204,0.43746959689843,Clinton,53996.1243093923,2070.0284141319,39.3812154696133
16540,"Chambersburg-Waynesboro, PA",1629.1975308642,0.407407407407407,0.713714130013911,Trump,53191.7222222222,1753.07757090655,32.4984567901235
16580,"Champaign-Urbana, IL",1527.15482954545,0.461647727272727,0.375673204564843,Clinton,45190.5482954545,6791.1217091759,46.7208806818182
16620,"Charleston, WV",1739.07537012113,0.567967698519516,0.612318389774288,Trump,40192.2812920592,1401.89421816884,28.471736204576
16700,"Charleston-North Charleston, SC",1186.61553784861,0.390438247011952,0.310068625631899,Clinton,57305.5996015936,2614.66306182203,33.842828685259
16740,"Charlotte-Concord-Gastonia, NC-SC",1422.39880444065,0.452092228864219,0.457446728764237,Clinton,63047.298206661,2054.78476620848,27.3981895815542
16820,"Charlottesville, VA",1137.84788732394,0.311267605633803,0.262079676920312,Clinton,64156.4507042254,3630.63749660122,42.5853521126761
16860,"Chattanooga, TN-GA",1303.95089285714,0.44047619047619,0.614255648323228,Trump,48178.540922619,1429.7488470873,25.8256696428571
16940,"Cheyenne, WY",2280.52631578947,0.545454545454545,0.606482950523567,Trump,58405.2440191388,1584.93006288868,32.3038277511962
16980,"Chicago-Naperville-Elgin, IL-IN-WI",1211.27479131886,0.335373771099981,0.283987949892576,Clinton,74019.7742162864,10576.8681321567,57.4351660174365
17020,"Chico, CA",1154.61904761905,0.324514991181658,0.465392466134719,Clinton,41814.3051146384,3010.36435497326,47.4742504409171
17140,"Cincinnati, OH-KY-IN",1517.09177954227,0.495095749649696,0.571363596993037,Trump,60612.8946753853,2600.47280504398,31.2776272769734
17300,"Clarksville, TN-KY",1936.32049306626,0.560862865947612,0.590895059511592,Trump,46903.6194144838,1392.73702869523,19.4651771956857
17420,"Cleveland, TN",2165.18215613383,0.520446096654275,0.771640862913169,Trump,44296.9851301115,1249.79659085506,23.0762081784387
17460,"Cleveland-Elyria, OH",1326.43849631216,0.384963121579824,0.408567344239586,Clinton,57111.952652867,3125.90829548248,38.1452058053771
17660,"Coeur d'Alene, ID",1252.83711340206,0.336082474226804,0.670746061447456,Trump,48913.7690721649,1996.92692404078,35.2072164948454
17780,"College Station-Bryan, TX",1470.06146926537,0.466266866566717,0.598412010563901,Trump,41086.047976012,3149.59030412149,34.4884557721139
17820,"Colorado Springs, CO",1548.80711271851,0.451476793248945,0.567201885708941,Trump,59914.6389391199,3110.8964857802,36.5522001205546
17860,"Columbia, MO",1424.25943396226,0.45125786163522,0.472316716243824,Clinton,40547.0377358491,2311.46344787824,36.587893081761
17900,"Columbia, SC",1509.39447513812,0.521546961325967,0.316453522031312,Clinton,53536.1723756906,1789.67550303562,25.9217127071823
17980,"Columbus, GA-AL",1223.23170731707,0.481029810298103,0.405426310163288,Clinton,45001.4485094851,1718.24161691827,27.8875338753388
18020,"Columbus, IN",1702.10599078341,0.483870967741936,0.637183168163996,Trump,56940.7511520737,1582.26437491479,29.9861751152074
18140,"Columbus, OH",1576.85688005887,0.458793230316409,0.424399558263194,Clinton,60942.1760485651,3648.46106067475,38.3378403237675
18580,"Corpus Christi, TX",1297.48313492063,0.39781746031746,0.504564849785212,Trump,51289.3819444444,2946.89171767885,38.4087301587302
18700,"Corvallis, OR",1518.57046979866,0.38255033557047,0.275777900847127,Clinton,37455.3020134228,5363.42703529331,57.4053691275168
18880,"Crestview-Fort Walton Beach-Destin, FL",926.208,0.360888888888889,0.721826457065393,Trump,64279.8204444444,1568.68695009432,26.6418666666667
19060,"Cumberland, MD-WV",2054.7037037037,0.432098765432099,0.710252624362268,Trump,43666.6172839506,1488.8924999764,32.0921810699588
19100,"Dallas-Fort Worth-Arlington, TX",1203.01483840895,0.435752019888129,0.478726470947691,Clinton,68368.7776569298,3901.12763189431,38.9018645121193
19140,"Dalton, GA",1838.26100628931,0.534591194968554,0.72656314508966,Trump,40684.5094339623,1408.98174254297,25.9896226415094
19180,"Danville, IL",2003.45355191257,0.469945355191257,0.620070170879085,Trump,41438.9945355191,934.83287365678,26.7737704918033
19300,"Daphne-Fairhope-Foley, AL",1431.88711819389,0.409030544488712,0.496055810787817,Clinton,52989.4422310757,566.110949174156,16.507171314741
19340,"Davenport-Moline-Rock Island, IA-IL",1493.68122270742,0.421834061135371,0.45776256803665,Clinton,52500.3475982533,2236.20083711954,37.8696943231441
19430,"Dayton-Kettering, OH",1704.60942408377,0.529319371727749,0.532383417310215,Trump,52590.1287958115,2183.88624838841,31.689109947644
19460,"Decatur, AL",1811.83381088825,0.487106017191977,0.487065283884141,Clinton,44153.770773639,1253.19597461183,23.3358166189112
19500,"Decatur, IL",2103.27645051195,0.47098976109215,0.559009571369122,Trump,44953.4300341297,1895.14100099952,31.4750853242321
19660,"Deltona-Daytona Beach-Ormond Beach, FL",1234.46838551258,0.38121546961326,0.548508703788299,Trump,42225.4278698588,2107.3094039267,29.4302639656231
19740,"Denver-Aurora-Lakewood, CO",1181.42778014487,0.396534583155802,0.335047764663285,Clinton,72102.4138616674,5621.34743791456,50.7631870472944
19780,"Des Moines-West Des Moines, IA",1560.16992733371,0.480156512017887,0.4354733675395,Clinton,63655.5684740078,2530.73815617266,40.185410844047
19820,"Detroit-Warren-Dearborn, MI",1392.82447836167,0.396541731066461,0.413453550111535,Clinton,59457.906877898,3652.76908421116,40.8436727202473
20020,"Dothan, AL",1914.50454545455,0.477272727272727,0.516857494704197,Trump,45103.3477272727,891.304515351267,24.0829545454545
20100,"Dover, DE",1471.88764044944,0.469662921348315,0.491587108131898,Clinton,51670.7056179775,1347.79792389103,29.3842696629213
20220,"Dubuque, IA",1322.63777089783,0.408668730650155,0.47183282717564,Clinton,47605.2291021672,2317.46647670485,49.6303405572755
20260,"Duluth, MN-WI",1324.78142695357,0.312570781426954,0.410302034130513,Clinton,45458.523216308,1398.04176444528,31.7524348810872
20500,"Durham-Chapel Hill, NC",1390.28284182306,0.408847184986595,0.258674127952633,Clinton,55781.4557640751,2254.39376653422,33.0896782841823
20700,"East Stroudsburg, PA",1033.30360934183,0.301486199575372,0.476493591756344,Clinton,57426.7940552017,1045.04281230661,18.0575371549894
20740,"Eau Claire, WI",1485.08720930233,0.35077519379845,0.485295921298338,Clinton,49763.4379844961,1563.69058523273,26.753488372093
20940,"El Centro, CA",1530.35666666667,0.47,0.264165852238465,Clinton,46209.2833333333,3518.32000561381,39.449
21060,"Elizabethtown-Fort Knox, KY",1877.04416403785,0.596214511041009,0.648610470125548,Trump,49234.7003154574,955.965945743816,18.0712933753943
21140,"Elkhart-Goshen, IN",2438.65292841649,0.483731019522777,0.404860217965207,Clinton,50463.0281995662,1576.87820761714,26.5130151843818
21300,"Elmira, NY",1717.18257261411,0.352697095435685,0.557862595419847,Trump,47437.3485477178,1842.74650664496,33.2058091286307
21340,"El Paso, TX",985.372173913044,0.393913043478261,0.261328463300778,Clinton,44143.7791304348,3745.89273351674,41.0660869565217
21420,"Enid, OK",1758.0625,0.46875,0.737402118839245,Trump,50779.96875,1605.70615254203,31.160625
21500,"Erie, PA",1760.7014084507,0.395774647887324,0.480409798699585,Clinton,44888.2408450704,3030.54252403596,40.7274647887324
21660,"Eugene-Springfield, OR",1544.57636887608,0.335734870317003,0.349783797864027,Clinton,39486.946685879,4101.37309931938,46.9389048991354
21780,"Evansville, IN-KY",1813.12470023981,0.49400479616307,0.566317511323472,Trump,45032.190647482,1835.18877683182,31.7131894484412
22020,"Fargo, ND-MN",1690.795,0.481666666666667,0.486570576638854,Clinton,50346.4666666667,2996.80463205993,42.8425
22140,"Farmington, NM",2113.03238866397,0.538461538461538,0.606072435480373,Trump,50874.95951417,1447.88949256004,34.4704453441296
22180,"Fayetteville, NC",1951.32511848341,0.530805687203792,0.445741376599513,Clinton,43373.5393364929,1436.22107581988,23.0436018957346
22220,"Fayetteville-Springdale-Rogers, AR",1359.76995305164,0.466353677621283,0.440325341029266,Clinton,50086.2425665102,1863.11458568509,27.7630672926448
22380,"Flagstaff, AZ",1288.38579654511,0.314779270633397,0.353071055800883,Clinton,49906.2994241843,2003.93729038939,37.2222648752399
22420,"Flint, MI",1829.44350580781,0.446673706441394,0.428816685006317,Clinton,44007.1488912355,1826.88395226855,26.759767687434
22500,"Florence, SC",1835.73236514523,0.516597510373444,0.326069232331706,Clinton,43311.1618257261,1027.16238197422,25.5958506224066
22520,"Florence-Muscle Shoals, AL",1595.96163682864,0.447570332480818,0.47823740682321,Clinton,42620.6598465473,1068.79815031461,26.0647058823529
22540,"Fond du Lac, WI",1161.38405797101,0.260869565217391,0.604827868373371,Trump,56998.768115942,1680.84812923678,29.1880434782609
22660,"Fort Collins, CO",977.460839954597,0.388195232690125,0.42570453258224,Clinton,55537.6015891033,3147.33639192469,39.4615209988649
22900,"Fort Smith, AR-OK",1894.98519736842,0.539473684210526,0.689452832130457,Trump,40481.0246710526,1153.76037604533,26.7986842105263
23060,"Fort Wayne, IN",2050.19653767821,0.477596741344196,0.575110278543815,Trump,46909.5967413442,2214.08759437224,31.5093686354379
23420,"Fresno, CA",1088.65265957447,0.31968085106383,0.432133128035059,Clinton,53108.9819148936,3062.85572454351,37.4621276595745
23460,"Gadsden, AL",1989.88537549407,0.553359683794466,0.481121272957097,Clinton,39624.4308300395,1046.42993704617,23.8300395256917
23540,"Gainesville, FL",1516.86075949367,0.431434599156118,0.402065968583393,Clinton,42528.7700421941,2538.74706895173,32.5086497890295
23580,"Gainesville, GA",1668.41590909091,0.509090909090909,0.731787704755708,Trump,48756.6522727273,1698.12024023767,22.3252272727273
23900,"Gettysburg, PA",1606.41841004184,0.301255230125523,0.654782246301313,Trump,55776.0083682008,1697.22515106939,30.8305439330544
24020,"Glens Falls, NY",1050.98248686515,0.262697022767075,0.520950335641186,Trump,57027.054290718,1053.44849098979,23.1134851138354
24140,"Goldsboro, NC",1859.86759581882,0.487804878048781,0.543313144863777,Trump,39839.7212543554,695.515404529907,20.8296167247387
24220,"Grand Forks, ND-MN",1831.05882352941,0.444852941176471,0.56111499729984,Trump,51620.5625,2186.84873396598,37.8977941176471
24260,"Grand Island, NE",2182.04166666667,0.5,0.676589311727805,Trump,53716.7962962963,1584.37590948787,36.3472222222222
24300,"Grand Junction, CO",1733.14043583535,0.447941888619855,0.641035877095835,Trump,46232.2615012107,2193.99071498791,35.6525423728814
24340,"Grand Rapids-Kentwood, MI",1826.88667232598,0.436332767402377,0.526704863151253,Trump,56121.2071307301,2578.98678826348,34.1091680814941
24420,"Grants Pass, OR",1034.93939393939,0.295454545454546,0.604196588868941,Trump,37971.5,1904.74880011451,34.5984848484849
24500,"Great Falls, MT",1479.07407407407,0.411522633744856,0.567874808365393,Trump,45794.2469135802,2188.54080883967,40.9958847736626
24540,"Greeley, CO",1794.42211055276,0.455611390284757,0.565982426345714,Trump,62223.135678392,2748.91105819986,30.6644891122278
24580,"Green Bay, WI",1610.43246187364,0.31917211328976,0.549259370107655,Trump,53010.0196078431,1901.87614190971,29.1728758169935
24660,"Greensboro-High Point, NC",1579.12513484358,0.441747572815534,0.464921731270109,Clinton,46104.3052858684,1989.23992133568,29.9901833872708
24780,"Greenville, NC",1610.52127659574,0.527659574468085,0.443217802724552,Clinton,39404.6,2375.02825728482,29.7921276595745
24860,"Greenville-Anderson, SC",1404.63958238765,0.448479346345892,0.432121008497459,Clinton,50232.5923740354,1524.98346407963,27.1042215161144
25060,"Gulfport-Biloxi, MS",1813.0015936255,0.407171314741036,0.670035822344134,Trump,43119.390438247,1329.59172397121,25.7877290836653
25180,"Hagerstown-Martinsburg, MD-WV",1785.13636363636,0.462121212121212,0.642240839603899,Trump,50121.5242424242,1874.13246927349,32.4686363636364
25220,"Hammond, LA",2055.54941860465,0.465116279069767,0.647874694749695,Trump,40843.398255814,979.532749791009,22.5779069767442
25260,"Hanford-Corcoran, CA",1709.88764044944,0.453183520599251,0.527338968230836,Trump,50374.4531835206,3306.09245030232,41.5310861423221
25420,"Harrisburg-Carlisle, PA",1093.15638207946,0.344040574809806,0.519522593916141,Trump,55717.3609467456,2973.0615524404,38.8567202028741
25500,"Harrisonburg, VA",1609.21813031161,0.427762039660057,0.452685018091501,Clinton,47730.5892351275,2581.54379737879,32.5410764872521
25540,"Hartford-East Hartford-Middletown, CT",1353.04843918192,0.328310010764263,0.382223329491324,Clinton,71565.9243810549,3343.39365356514,37.1785522066738
25620,"Hattiesburg, MS",1935.83054393305,0.502092050209205,0.638699803263904,Trump,41770.6506276151,1206.50133193946,22.2537656903766
25860,"Hickory-Lenoir-Morganton, NC",1593.26552462527,0.45610278372591,0.687245027619268,Trump,44293.8618843683,880.671101349896,20.7038543897216
25940,"Hilton Head Island-Bluffton, SC",1028.13811420983,0.335989375830013,0.360585894360018,Clinton,60413.8154050465,929.021494150929,16.9634794156707
25980,"Hinesville, GA",2199.88823529412,0.541176470588236,0.395147417732949,Clinton,46869.0882352941,961.594407838354,14.8788235294118
26140,"Homosassa Springs, FL",1451.84,0.335384615384615,0.677212356364722,Trump,39509.4646153846,407.343335496323,9.47261538461538
26300,"Hot Springs, AR",1544.38461538462,0.398860398860399,0.38079876215222,Clinton,35691.9373219373,943.34153289104,23.342735042735
26380,"Houma-Thibodaux, LA",1799.7673992674,0.39010989010989,0.74329201132618,Trump,53342.8846153846,1462.46751593366,29.6238095238095
26420,"Houston-The Woodlands-Sugar Land, TX",1153.48242552155,0.393457261141326,0.47648518746921,Clinton,70191.2723435344,4276.34804116856,39.8755580810131
26580,"Huntington-Ashland, WV-KY-OH",2018.25339366516,0.588235294117647,0.66463459981595,Trump,40561.6877828054,1502.39016005411,29.2537330316742
26620,"Huntsville, AL",1570.34816753927,0.496509598603839,0.387334134374326,Clinton,57333.942408377,1397.23649699508,23.9394415357766
26820,"Idaho Falls, ID",1516.00595238095,0.440476190476191,0.617597281032544,Trump,49651.0297619048,2163.40230609285,39.671130952381
26900,"Indianapolis-Carmel-Anderson, IN",1695.06787148594,0.489759036144578,0.484599248859427,Clinton,58182.1925702811,2483.52483439678,31.4515060240964
26980,"Iowa City, IA",1244.28656126482,0.430830039525692,0.30805519052513,Clinton,45746.6205533597,5454.93225888218,51.0187747035573
27060,"Ithaca, NY",937.011111111111,0.266666666666667,0.243948909745254,Clinton,44684.2416666667,7619.73374095469,54.7255555555556
27100,"Jackson, MI",2415.95483870968,0.467741935483871,0.571106677956858,Trump,42825.0870967742,1579.92574653977,30.9587096774194
27140,"Jackson, MS",1832.01147227533,0.499043977055449,0.482581949485687,Clinton,50992.9630337795,1269.71778969787,23.0908859145953
27180,"Jackson, TN",1978.17898832685,0.480544747081712,0.618772161076161,Trump,40090.7840466926,783.987604575879,21.5332684824903
27260,"Jacksonville, FL",1370.51950617284,0.444691358024691,0.551372718940962,Trump,57021.0925925926,2358.7980799638,30.2812592592593
27340,"Jacksonville, NC",1761.9976635514,0.516355140186916,0.649724337096351,Trump,44367.511682243,1109.43774420158,20.078738317757
27500,"Janesville-Beloit, WI",1569.90692640693,0.41991341991342,0.413945417258243,Clinton,51491.4805194805,1898.60483608227,34.0272727272727
27620,"Jefferson City, MO",2023.97023809524,0.419642857142857,0.689313199254207,Trump,48844.1964285714,827.711648003369,21.6678571428571
27740,"Johnson City, TN",1294.2418699187,0.5,0.721887992950068,Trump,43353.7723577236,1227.26446454922,24.65
27780,"Johnstown, PA",1535.42234332425,0.346049046321526,0.664590705355037,Trump,43409.0081743869,1595.90643312009,29.799727520436
27860,"Jonesboro, AR",1821.06267806268,0.535612535612536,0.657673144516018,Trump,38531.7122507122,1434.50969893169,24.5615384615385
27900,"Joplin, MO",1915.81879194631,0.539149888143177,0.738887868002551,Trump,44516.2863534676,1140.57005023976,27.8203579418345
28020,"Kalamazoo-Portage, MI",1786.94776119403,0.455223880597015,0.40407287468626,Clinton,48481.8865671642,2418.11493865725,30.3179104477612
28100,"Kankakee, IL",1694.69306930693,0.485148514851485,0.531212345418032,Trump,53988.4191419142,1869.42840917935,37.803300330033
28140,"Kansas City, MO-KS",1728.77323884952,0.495831596498541,0.51371720920372,Trump,62735.4645685702,2723.87269870206,37.1868903709879
28420,"Kennewick-Richland, WA",1537.96385542169,0.412650602409639,0.55723688323508,Trump,59306.9939759036,2783.86562728532,36.1992469879518
28660,"Killeen-Temple, TX",1731.9168591224,0.46189376443418,0.574038748422043,Trump,48122.5519630485,2177.92973626199,31.8912240184758
28700,"Kingsport-Bristol, TN-VA",2052.18205128205,0.51025641025641,0.7561976615088,Trump,39089.0538461538,845.138698883538,21.46
28740,"Kingston, NY",668.395721925134,0.212566844919786,0.417647407407407,Clinton,55002.3168449198,1445.02876000997,29.8600267379679
28940,"Knoxville, TN",1720.22507122507,0.510446343779677,0.636570468895917,Trump,49441.4781576448,1722.74269227232,24.2217948717949
29020,"Kokomo, IN",1740.60084033613,0.512605042016807,0.644089004950764,Trump,40765.5378151261,2039.90431217921,35.2449579831933
29100,"La Crosse-Onalaska, WI-MN",1191.47429906542,0.338785046728972,0.428640666556636,Clinton,48800.691588785,1965.23078910277,45.8123831775701
29180,"Lafayette, LA",1568.50252707581,0.378339350180505,0.670182225439959,Trump,50678.7725631769,1669.06789384281,32.1151624548736
29200,"Lafayette-West Lafayette, IN",1555.80310880829,0.464594127806563,0.49578323919593,Clinton,43117.6027633851,3995.3319333336,36.2483592400691
29340,"Lake Charles, LA",2193.55360623782,0.491228070175439,0.650911337054277,Trump,47684.0545808967,1703.98909350251,30.5649122807018
29420,"Lake Havasu City-Kingman, AZ",1430.95094339623,0.415094339622642,0.729044444166469,Trump,41264.4226415094,1216.18097299203,21.0032075471698
29460,"Lakeland-Winter Haven, FL",1607.17996987952,0.442771084337349,0.548595841362656,Trump,43010.2756024096,1797.72742076687,27.0560240963855
29540,"Lancaster, PA",1212.14732824427,0.29618320610687,0.571226209952989,Trump,58641.1717557252,3665.94218496749,40.1449618320611
29620,"Lansing-East Lansing, MI",1778.2234123948,0.449120122417751,0.409193775502396,Clinton,49032.80489671,2994.90547351022,36.0782708492731
29700,"Laredo, TX",798.242774566474,0.314065510597303,0.227519550127405,Clinton,42037.2928709056,4898.6986920188,49.2452793834297
29740,"Las Cruces, NM",1787.12077294686,0.449275362318841,0.35916091042917,Clinton,36341.1449275362,2624.42010986728,38.4217391304348
29820,"Las Vegas-Henderson-Paradise, NV",1104.09069333785,0.391591795219529,0.417145390302098,Clinton,52837.7809798271,5403.89022881788,45.8070859467706
29940,"Lawrence, KS",1433.24137931034,0.425287356321839,0.293249745442929,Clinton,48607.6206896552,3724.29533796751,45.5882183908046
30020,"Lawton, OK",1683.75974025974,0.50974025974026,0.599491648523055,Trump,44834.2272727273,2206.15314880179,39.4399350649351
30140,"Lebanon, PA",1606.65231788079,0.337748344370861,0.648368878293842,Trump,54620.0430463576,2846.1002338927,35.0480132450331
30300,"Lewiston, ID-WA",1209.80225988701,0.327683615819209,0.607842126775875,Trump,43465.6949152542,1415.36366511621,39.2779661016949
30340,"Lewiston-Auburn, ME",1735.84210526316,0.378947368421053,0.508164257295624,Trump,44405.2596491228,2000.37542130864,37.6284210526316
30460,"Lexington-Fayette, KY",1651.73310580205,0.501706484641638,0.47560782990227,Clinton,51813.585665529,3622.22949161811,40.061843003413
30620,"Lima, OH",1928.54814814815,0.485185185185185,0.664291628535321,Trump,43425.4555555556,1649.68442518744,32.3911111111111
30700,"Lincoln, NE",1691.33292383292,0.504914004914005,0.462564476391949,Clinton,55759.9484029484,3319.47068980498,42.6610565110565
30780,"Little Rock-North Little Rock-Conway, AR",1809.7974616605,0.489687995769434,0.320122989554918,Clinton,51010.0846113168,1737.59760210725,29.588260179799
30860,"Logan, UT-ID",1844.5141509434,0.589622641509434,0.461185010133878,Clinton,45285.1226415094,3193.91623849371,38.7004716981132
30980,"Longview, TX",1708.54521276596,0.542553191489362,0.716703436438068,Trump,45269.085106383,977.921475238807,24.650664893617
31020,"Longview, WA",2349.77333333333,0.353333333333334,0.513934355616816,Trump,40965.28,1994.7817686996,38.3206666666667
31080,"Los Angeles-Long Beach-Anaheim, CA",540.782935349572,0.289754510216778,0.275136112917011,Clinton,70775.6160214385,11481.4664103343,61.4972101258554
31140,"Louisville/Jefferson County, KY-IN",1804.18093645485,0.502006688963211,0.458474459650332,Clinton,55223.4016722408,2875.16855657129,36.1971571906355
31180,"Lubbock, TX",1557.33774834437,0.524503311258278,0.6654130134188,Trump,47944.9152317881,3623.41234325644,39.2617218543046
31340,"Lynchburg, VA",1852.73781512605,0.448739495798319,0.601043323506466,Trump,48094.8470588235,1321.29705031622,23.3436974789916
31420,"Macon-Bibb County, GA",1758.13109756098,0.507621951219512,0.427978920212752,Clinton,40034.1326219512,1263.49775304984,24.867987804878
31460,"Madera, CA",1964.33215547703,0.402826855123675,0.536856138092721,Trump,49666.5229681979,1990.59215317564,26.0579505300353
31540,"Madison, WI",1266.78363988383,0.341239109390126,0.271754071265311,Clinton,61917.0939012585,6941.58687841708,42.9715876089061
31700,"Manchester-Nashua, NH",1083.29247104247,0.303088803088803,0.503164217526547,Trump,67601.8156370656,3211.08429507897,39.9689189189189
31740,"Manhattan, KS",1551.55614973262,0.497326203208556,0.539712941487187,Trump,46962.1711229947,2589.73925020705,40.501871657754
31860,"Mankato, MN",1631.9173553719,0.512396694214876,0.466342408324868,Clinton,49737.805785124,2616.29937005305,41.5190082644628
31900,"Mansfield, OH",2064.33114754098,0.452459016393443,0.662694244213424,Trump,44443.3672131148,1114.49564659544,26.4662295081967
32580,"McAllen-Edinburg-Mission, TX",1348.57727517501,0.396876682821756,0.280459186909368,Clinton,39679.4496499731,2771.12640558569,36.4639203015617
32780,"Medford, OR",1367.29702970297,0.366336633663366,0.492741957613398,Clinton,41084.4430693069,2264.3356661725,42.939603960396
32820,"Memphis, TN-MS-AR",1355.23365668494,0.450442851117672,0.42106812987696,Clinton,57648.3652467313,2220.13278176156,28.3827498945593
32900,"Merced, CA",1871.30858468678,0.45707656612529,0.403855076131427,Clinton,44754.9211136891,3145.37326234967,41.731090487239
33100,"Miami-Fort Lauderdale-Pompano Beach, FL",1006.31279482849,0.27639624949042,0.344301905188193,Clinton,56560.1396540679,7810.97258111082,55.3779046066042
33140,"Michigan City-La Porte, IN",1492.40597014925,0.367164179104478,0.497423754083624,Clinton,42941.3970149254,1761.55916032849,31.4459701492537
33220,"Midland, MI",1979.52747252747,0.406593406593407,0.561003152496118,Trump,54491.6758241758,1798.63962653031,25.6043956043956
33260,"Midland, TX",1600.09138381201,0.493472584856397,0.753828051497672,Trump,73888.8798955614,2988.9595498447,42.0592689295039
33340,"Milwaukee-Waukesha, WI",1269.80745672437,0.33422103861518,0.405387848248339,Clinton,62270.7302263648,5414.11656369636,49.0133155792277
33460,"Minneapolis-St. Paul-Bloomington, MN-WI",1366.89608755818,0.416907787143037,0.375767871533978,Clinton,69886.592275758,4444.3964770159,41.5002390237766
33540,"Missoula, MT",1206.40617577197,0.382422802850356,0.375825549380944,Clinton,42173.0023752969,2687.88291576849,49.9767220902613
33660,"Mobile, AL",1551.64668094218,0.475374732334047,0.339580961258636,Clinton,45687.7847965739,1788.40548917427,28.3009635974304
33700,"Modesto, CA",1027.85644768856,0.418491484184915,0.450064791348921,Clinton,51711.8941605839,4106.71247592214,45.3542579075426
33740,"Monroe, LA",1835.77839851024,0.51024208566108,0.616742495666802,Trump,34792.0819366853,1262.75335178465,28.2512104283054
33780,"Monroe, MI",1942.23762376238,0.409240924092409,0.582890942897949,Trump,56611.8415841584,1300.52700977708,20.6828382838284
33860,"Montgomery, AL",1892.49519743863,0.531483457844184,0.307631745862443,Clinton,50791.2988260406,1535.06873483359,22.4785485592316
34060,"Morgantown, WV",1514.62118126273,0.395112016293279,0.546332058179597,Trump,45585.9205702648,2624.81334489753,31.6810590631365
34100,"Morristown, TN",2491.0819112628,0.535836177474403,0.774994113046907,Trump,40474.4914675768,864.864600891597,15.9658703071672
34580,"Mount Vernon-Anacortes, WA",909.123076923077,0.294505494505494,0.426518990648346,Clinton,48976.6659340659,1624.66544936918,33.1147252747253
34620,"Muncie, IN",2304.69230769231,0.582417582417582,0.541779458153426,Trump,36300.2454212454,2633.17146272117,32.2604395604396
34740,"Muskegon, MI",1959.56182795699,0.42741935483871,0.462644708533962,Clinton,45211.6559139785,1752.42847652031,27.755376344086
34820,"Myrtle Beach-Conway-North Myrtle Beach, SC-NC",1023.94809069212,0.366348448687351,0.473525184573079,Clinton,45530.2911694511,1168.54031993778,25.6307875894988
34900,"Napa, CA",307.676136363636,0.1875,0.283696148080558,Clinton,74726.6051136364,3437.56501621939,44.803125
34940,"Naples-Marco Island, FL",947.667673716012,0.312185297079557,0.611112399281201,Trump,68354.5750251762,2443.13782827805,29.3841893252769
34980,"Nashville-Davidson--Murfreesboro--Franklin, TN",1544.20135507093,0.481261909803091,0.518411942621862,Trump,60124.4243065848,2077.78026183937,28.459877196697
35100,"New Bern, NC",1922.12951807229,0.478915662650602,0.592593597600821,Trump,47384.563253012,859.412336858014,22.4346385542169
35300,"New Haven-Milford, CT",1120.81894807822,0.280175320296696,0.41964507158198,Clinton,63590.6655428186,4752.32454251761,46.2307484828051
35380,"New Orleans-Metairie, LA",1261.68472222222,0.311574074074074,0.425322325581087,Clinton,55441.0481481481,4793.43891184188,56.5686111111111
35620,"New York-Newark-Jersey City, NY-NJ-PA",551.107712410537,0.192691473881151,0.295158816369108,Clinton,81229.6920975262,32268.1173024812,71.7143408665697
35660,"Niles, MI",1456.31673306773,0.332669322709163,0.536532881675945,Trump,48756.5876494024,1016.00903319379,27.2181274900398
35840,"North Port-Sarasota-Bradenton, FL",965.423728813559,0.331006979062812,0.548271636869605,Trump,55644.8325024925,2872.57648563432,34.3591724825523
35980,"Norwich-New London, CT",1538.83189655172,0.322198275862069,0.437645725388601,Clinton,68397.8092672414,1851.15970234153,28.1738146551724
36100,"Ocala, FL",1836.94917407878,0.476493011435832,0.613035815804434,Trump,39366.4498094028,1028.17887790956,20.3663278271919
36140,"Ocean City, NJ",335.157342657343,0.152680652680653,0.577724521710874,Trump,61693.486013986,1618.44648151852,42.6067599067599
36220,"Odessa, TX",1623.42618384401,0.481894150417827,0.684916506980564,Trump,58644.2618384401,2831.10885493414,36.4440111420613
36260,"Ogden-Clearfield, UT",1824.69557675629,0.49609713790112703,0.467068706326376,Clinton,60574.4232437121,3020.20927513453,38.4150910667823
36420,"Oklahoma City, OK",1542.04124962087,0.518350015165302,0.570219659835002,Trump,55815.7482559903,2602.98405493206,35.229178040643
36500,"Olympia-Lacey-Tumwater, WA",1892.17897091723,0.364653243847875,0.362286651263323,Clinton,54112.51901566,2101.15000895023,35.5308724832215
36540,"Omaha-Council Bluffs, NE-IA",1404.60849056604,0.473794549266247,0.509629510585853,Trump,62925.3349056604,2911.12748983832,40.193501048218
36740,"Orlando-Kissimmee-Sanford, FL",1171.44166911549,0.420658242727006,0.402298629586268,Clinton,53272.8914193359,2737.47201540046,32.2822803408757
36780,"Oshkosh-Neenah, WI",1649.50934579439,0.355140186915888,0.498577067841733,Clinton,49797.2593457944,3076.916539317,40.1969626168224
36980,"Owensboro, KY",2305.224,0.54,0.639555220072198,Trump,51187.132,1585.59427347482,26.0436
37100,"Oxnard-Thousand Oaks-Ventura, CA",468.436495176849,0.303054662379421,0.371587354185037,Clinton,73124.6985530547,5151.97788267137,50.4493569131833
37340,"Palm Bay-Melbourne-Titusville, FL",1332.53974895397,0.375871687587169,0.571595613265816,Trump,50643.7677824268,2341.68978735979,29.9845885634589
37460,"Panama City, FL",1340.46944083225,0.427828348504551,0.704971549046723,Trump,49120.0182054616,1579.67973973799,31.2230169050715
37620,"Parkersburg-Vienna, WV",1519.65034965035,0.503496503496504,0.715970029934359,Trump,43231.1538461538,1707.71966323704,42.2300699300699
37860,"Pensacola-Ferry Pass-Brent, FL",1558.8518907563,0.473739495798319,0.623980836432421,Trump,53658.4369747899,1666.48357427298,25.4625
37900,"Peoria, IL",1372.49818445897,0.353667392883079,0.535480882425212,Trump,57621.8271604938,1501.43404265833,29.9275962236747
37980,"Philadelphia-Camden-Wilmington, PA-NJ-DE-MD",604.053071009341,0.301314375464991,0.348606753073618,Clinton,73839.9265933703,7335.33229560271,47.4527486153592
38060,"Phoenix-Mesa-Chandler, AZ",1375.33116297706,0.450465791846138,0.47996967964566,Clinton,62391.325052589396,4307.62918286681,41.1362816788541
38220,"Pine Bluff, AR",2085.46892655367,0.497175141242938,0.396274145491939,Clinton,38114.4576271186,993.829890805812,22.5468926553672
38300,"Pittsburgh, PA",1090.91395623891,0.313128326434063,0.500561398020177,Trump,56450.6485807215,3901.75512491696,39.5801892371378
38340,"Pittsfield, MA",1160.26677577741,0.253682487725041,0.256625569593246,Clinton,56084.9083469722,1496.65256878493,30.7464811783961
38540,"Pocatello, ID",1640.19262295082,0.508196721311475,0.520467435931964,Trump,41016.7950819672,2232.54694364331,42.3459016393443
38860,"Portland-South Portland, ME",940.45710394916,0.234679981842941,0.38106452452623,Clinton,58168.049931911,2048.64378233113,36.0111211983659
38900,"Portland-Vancouver-Hillsboro, OR-WA",862.155215379138,0.249911000355999,0.271062785372678,Clinton,59127.1933072268,6354.71937406142,59.3778568885724
38940,"Port St. Lucie, FL",1291.10326086957,0.36231884057971,0.547884771073924,Trump,46008.9402173913,1966.47012928011,25.5752717391304
39100,"Poughkeepsie-Newburgh-Middletown, NY",686.747592295345,0.243579454253612,0.491527432195456,Clinton,70303.3647672552,2748.94215347106,32.5964285714286
39150,"Prescott Valley-Prescott, AZ",1380.98959881129,0.346210995542348,0.623241590214067,Trump,44883.6166419019,974.822429163289,23.5236255572065
39300,"Providence-Warwick, RI-MA",798.244020501139,0.290148063781321,0.40303229363243,Clinton,62134.3641799544,4440.89855120718,44.59715261959
39340,"Provo-Orem, UT",1731.69539078156,0.533066132264529,0.50648062052211,Trump,59200.1873747495,4497.24791948309,45.7426853707415
39380,"Pueblo, CO",1697.59825327511,0.40174672489083,0.461116903593317,Clinton,39317.6703056769,2169.79322671359,32.1796943231441
39460,"Punta Gorda, FL",1618.49565217391,0.365217391304348,0.619609618570385,Trump,42782.997826087,1491.54246179236,21.5636956521739
39540,"Racine, WI",1057.53099730458,0.30188679245283,0.495161101845261,Clinton,56887.4070080863,2588.75239012999,35.1673854447439
39580,"Raleigh-Cary, NC",1495.49841772152,0.447784810126582,0.410750935586,Clinton,70291.864556962,2373.3061278295,29.2832911392405
39660,"Rapid City, SD",1577.82151029748,0.441647597254005,0.637832552368701,Trump,47724.8489702517,1494.19582581969,29.4080091533181
39740,"Reading, PA",708.250891795482,0.272294887039239,0.524898823912866,Trump,56260.8299643282,5204.40397640108,42.5611177170036
39820,"Redding, CA",1226.61121856867,0.352030947775629,0.639045221169036,Trump,42110.6615087041,1878.79052204594,30.7466150870406
39900,"Reno, NV",910.089005235602,0.369633507853403,0.455819453843799,Clinton,51202.1926701571,4007.5687798729,50.2956020942408
40060,"Richmond, VA",1217.03703703704,0.45679012345679,0.418702714566794,Clinton,68356.5593869732,2566.19951105788,28.3572158365262
40140,"Riverside-San Bernardino-Ontario, CA",939.23516986446,0.412075338848794,0.430788024574734,Clinton,56523.9193803908,3541.41871405327,33.9030100334448
40220,"Roanoke, VA",1445.58311688312,0.446753246753247,0.535931997180901,Trump,52541.7753246753,1890.35492127676,32.5915584415584
40340,"Rochester, MN",1403.41385135135,0.342905405405405,0.48639565639896,Clinton,56860.0743243243,2391.27434880566,41.2290540540541
40380,"Rochester, NY",1123.45961725592,0.297113201427181,0.436273984407387,Clinton,52714.3710671424,3128.90441505403,36.5704184236134
40420,"Rockford, IL",1926.26905829596,0.441704035874439,0.471083611250417,Clinton,51727.6423766816,2278.36391888264,33.6720852017937
40580,"Rocky Mount, NC",1874.003003003,0.531531531531532,0.444359169986445,Clinton,41586.5465465465,646.48798448598,21.6378378378378
40660,"Rome, GA",1899.57317073171,0.548780487804878,0.696775312066574,Trump,39534.7601626016,1127.6710588282,31.5626016260163
40900,"Sacramento-Roseville-Folsom, CA",1034.76929392447,0.387794198139026,0.394729526832761,Clinton,64653.1765188834,3871.36770745503,39.0304871373837
40980,"Saginaw, MI",2063.26855895197,0.497816593886463,0.482071670907549,Clinton,45501.2969432314,1348.03683684862,23.1480349344978
41060,"St. Cloud, MN",1634.7242582897,0.411867364746946,0.604181749945344,Trump,51472.2251308901,1663.51795231415,30.8579406631763
41100,"St. George, UT",1619.8453038674,0.480662983425414,0.683044794285806,Trump,53274.4475138122,1127.95174606694,21.9779005524862
41140,"St. Joseph, MO-KS",2058.59636363636,0.527272727272727,0.636233258688129,Trump,48009.3163636364,1768.62694985496,25.0018181818182
41180,"St. Louis, MO-IL",1364.43281938326,0.426073788546255,0.447922652901481,Clinton,62108.1855726872,2918.26047420961,36.6859581497797
41420,"Salem, OR",1318.14909090909,0.309090909090909,0.464348793757094,Clinton,48360.3763636364,3156.29663062863,45.02
41500,"Salinas, CA",843.135107471853,0.282497441146366,0.264328025815444,Clinton,64525.4851586489,5313.13493960177,50.5122824974411
41540,"Salisbury, MD-DE",1076.67289719626,0.328855140186916,0.582342869075514,Trump,61433.3510514019,1009.60754685606,31.1254088785047
41620,"Salt Lake City, UT",1347.18414826498,0.450315457413249,0.332089359197343,Clinton,64670.429022082,4385.53245227185,50.3967665615142
41660,"San Angelo, TX",1386.95820895522,0.444776119402985,0.718944537850353,Trump,41612.3402985075,2165.15421594793,40.2444776119403
41700,"San Antonio-New Braunfels, TX",1042.96052222568,0.410009325458502,0.513256696711049,Trump,61096.3515697855,2735.44480610149,28.912713708424
41740,"San Diego-Chula Vista-Carlsbad, CA",568.193027759845,0.288358080482031,0.365711879975505,Clinton,73222.2786744136,6837.02472999601,52.1454701958253
41860,"San Francisco-Oakland-Berkeley, CA",387.466037735849,0.231367924528302,0.158264097188522,Clinton,92169.0349056604,14772.0057450769,67.9203301886792
41940,"San Jose-Sunnyvale-Santa Clara, CA",392.565265486726,0.282079646017699,0.211965266129653,Clinton,109106.665560472,7637.02611504544,55.2575589970501
42020,"San Luis Obispo-Paso Robles, CA",785.704355885079,0.258572752548656,0.409352633343537,Clinton,62776.0296570899,2524.81366421149,46.2294717330862
42100,"Santa Cruz-Watsonville, CA",591.560160427807,0.252673796791444,0.174179675673997,Clinton,66126.8970588235,6063.35108857143,60.8998663101604
42140,"Santa Fe, NM",1036.56814159292,0.27787610619469,0.200632751910855,Clinton,53237.5716814159,1962.67336507236,51.2734513274336
42200,"Santa Maria-Santa Barbara, CA",835.866340668297,0.28198859005705,0.31510303111618,Clinton,63817.1320293399,5921.84086513039,55.3969845150774
42220,"Santa Rosa-Petaluma, CA",799.387134502924,0.247953216374269,0.222303903550687,Clinton,69568.2771929825,2912.76232698009,42.4459649122807
42340,"Savannah, GA",1424.65366972477,0.430428134556575,0.44708093829724,Clinton,53173.9113149847,2269.28697313338,41.0494648318043
42540,"Scranton--Wilkes-Barre, PA",633.726523887974,0.254805052169138,0.537559639961419,Trump,46004.823723229,3023.26024069116,41.60823723229
42660,"Seattle-Tacoma-Bellevue, WA",834.257708145024,0.272270764286432,0.273849158445156,Clinton,72379.5507683037,8249.36313597843,57.2548659234709
42680,"Sebastian-Vero Beach, FL",1173.06833712984,0.323462414578588,0.601963624657975,Trump,46801.416856492,1686.04998262532,29.246013667426
42700,"Sebring-Avon Park, FL",1570.37860082305,0.411522633744856,0.642563734759079,Trump,35044.4032921811,1173.05588048657,17.1814814814815
43100,"Sheboygan, WI",1413.11363636364,0.318181818181818,0.544095214148018,Trump,53278.8039772727,2216.01724692464,38.1159090909091
43300,"Sherman-Denison, TX",1354.43674698795,0.533132530120482,0.745001687194196,Trump,50417.906626506,841.148512508459,25.4063253012048
43340,"Shreveport-Bossier City, LA",1756.73172987974,0.482886216466235,0.546855022786992,Trump,42609.2349676226,1732.80697843988,30.9332099907493
43420,"Sierra Vista-Douglas, AZ",1529.21776504298,0.39541547277937,0.561633698021881,Trump,42696.9283667622,1219.73337653089,27.1057306590258
43580,"Sioux City, IA-NE-SD",1604.01333333333,0.442222222222222,0.586434322579707,Trump,50168.7111111111,1532.77698237165,38.5491111111111
43620,"Sioux Falls, SD",1860.43238993711,0.498427672955975,0.558550130723413,Trump,50897.6305031447,2654.51889117742,42.8908805031447
43780,"South Bend-Mishawaka, IN-MI",2091.41481481481,0.444444444444444,0.374001007736357,Clinton,47101.949382716,2123.67857157125,31.9162962962963
43900,"Spartanburg, SC",1535.22510231924,0.478854024556617,0.422868388956647,Clinton,46527.2878581173,1078.93498599867,21.4485675306958
44060,"Spokane-Spokane Valley, WA",1292.19600591716,0.378698224852071,0.493438773842987,Clinton,41074.874260355,3169.54155761794,47.4345414201183
44100,"Springfield, IL",1888.67621776504,0.444126074498567,0.513385491930912,Trump,55980.600286533,2124.42575615882,36.7408309455587
44140,"Springfield, MA",1372.5016722408,0.31055900621118,0.339868594827017,Clinton,51974.2670807453,3366.04391383265,42.2482560917344
44180,"Springfield, MO",1677.95266781411,0.476764199655766,0.64435756244167,Trump,41167.5559380379,2203.4418343057,35.2454388984509
44220,"Springfield, OH",2048.82545454545,0.490909090909091,0.573100652786143,Trump,44360.6509090909,2198.6230563341,34.664
44300,"State College, PA",1378.24590163934,0.351288056206089,0.456284683146416,Clinton,45264.4590163934,13027.0547594939,56.6810304449649
44420,"Staunton, VA",1785.23103448276,0.5,0.553054200208363,Trump,47822.275862069,1337.92191384029,33.1551724137931
44700,"Stockton, CA",1235.22995951417,0.391093117408907,0.391785094404455,Clinton,56753.0493927125,5086.29313197739,48.037975708502
44940,"Sumter, SC",1609.98705501618,0.482200647249191,0.275716494114594,Clinton,36773.3624595469,766.385068231059,23.7226537216828
45060,"Syracuse, NY",1295.76532137519,0.309915296462382,0.442735666639822,Clinton,51496.514200299,3019.87221670125,40.1790234180369
45220,"Tallahassee, FL",1388.95756457565,0.428966789667897,0.369244706880428,Clinton,50839.9935424354,2480.3721540594,33.1986162361624
45300,"Tampa-St. Petersburg-Clearwater, FL",1229.85690213869,0.38898250162022,0.482606871236328,Clinton,52109.0483473752,3662.71506676894,39.7167465975373
45460,"Terre Haute, IN",1917.64476386037,0.492813141683778,0.598001317827339,Trump,40664.476386037,1438.06897626193,29.4503080082136
45500,"Texarkana, TX-AR",1638.75240384615,0.495192307692308,0.62862329041919,Trump,42231.1778846154,1174.1323326322,24.0771634615385
45540,"The Villages, FL",2249.13917525773,0.505154639175258,0.682695046479712,Trump,47758.0360824742,968.130554648053,9.27422680412371
45780,"Toledo, OH",1538.86105799873,0.411727214786488,0.444860706739563,Clinton,54259.34416826,2293.97690563478,32.3908221797323
45820,"Topeka, KS",1638.76071428571,0.457142857142857,0.513749874118393,Trump,49042.1357142857,1685.11385908544,31.1067857142857
45940,"Trenton-Princeton, NJ",377.448430493274,0.255605381165919,0.292275666578085,Clinton,92482.4932735426,4605.05593291747,43.8243647234679
46060,"Tucson, AZ",1436.76429199648,0.435356200527704,0.397087562849824,Clinton,46302.8482849604,3652.52011780193,41.6510114335972
46140,"Tulsa, OK",1728.3097199341,0.518533772652389,0.616357100537434,Trump,52462.4740527183,2315.96200712185,34.6039126853377
46220,"Tuscaloosa, AL",1772.03938356164,0.522260273972603,0.354911786727712,Clinton,43361.6352739726,1643.05692533208,28.173801369863
46300,"Twin Falls, ID",1622.22635135135,0.472972972972973,0.668213333090851,Trump,45557.1182432432,1941.79760497502,36.0918918918919
46340,"Tyler, TX",1784.76315789474,0.534539473684211,0.695191581728954,Trump,54401.4276315789,1644.82387616816,27.5320723684211
46540,"Utica-Rome, NY",1147.62966915688,0.307363927427962,0.584290370985643,Trump,47231.9829242263,2094.00590048751,36.4129135538954
46660,"Valdosta, GA",1904.11194029851,0.537313432835821,0.578263942899958,Trump,37628.2462686567,1577.65170795922,24.0716417910448
46700,"Vallejo, CA",718.572107765452,0.372424722662441,0.308806823250917,Clinton,66441.9524564184,4352.0188116477,40.4007923930269
47020,"Victoria, TX",2165.17937219731,0.484304932735426,0.686156795045105,Trump,57258.1210762332,2258.00883528285,32.37533632287
47220,"Vineland-Bridgeton, NJ",893.952830188679,0.306603773584906,0.450265154305075,Clinton,45000.2099056604,2729.00778621689,34.8797169811321
47260,"Virginia Beach-Norfolk-Newport News, VA-NC",1317.86600221484,0.428848283499446,0.435564054728718,Clinton,64367.1608527132,3180.46105763618,32.3442414174972
47300,"Visalia, CA",1338.02911392405,0.413924050632911,0.509179359977641,Trump,44460.3329113924,3174.96761311816,38.5535443037975
47380,"Waco, TX",1525.6539050536,0.490045941807045,0.61253009178383,Trump,42875.3078101072,2080.6666667241,36.9183767228178
47460,"Walla Walla, WA",1214.65789473684,0.282894736842105,0.520744904592559,Trump,44315.8355263158,3034.52148618997,50.8276315789474
47580,"Warner Robins, GA",1932.76179775281,0.593258426966292,0.578089960736756,Trump,49265.9191011236,1383.87641655415,18.9916853932584
47900,"Washington-Arlington-Alexandria, DC-VA-MD-WV",1072.77282682577,0.360546786496488,0.223011162540423,Clinton,95635.1533116834,8323.10446208026,54.4779925987463
47940,"Waterloo-Cedar Falls, IA",1552.97457627119,0.470338983050848,0.459382730169147,Clinton,49829.2372881356,1972.66959232474,38.5716101694915
48060,"Watertown-Fort Drum, NY",1727.5274151436,0.357702349869452,0.574843498243482,Trump,49807.911227154,1270.66496253757,27.8838120104439
48140,"Wausau-Weston, WI",1668.00411522634,0.292181069958848,0.563229114300941,Trump,52641.4670781893,1251.04343079207,28.3104938271605
48260,"Weirton-Steubenville, WV-OH",1197.3452685422,0.304347826086956,0.679525362062535,Trump,42369.5063938619,1191.37647191807,26.4084398976982
48300,"Wenatchee, WA",954.467005076142,0.243654822335025,0.539224575873402,Trump,50504.6979695431,1854.05939388183,31.7593908629442
48540,"Wheeling, WV-OH",1637.11648351648,0.4,0.663865462318657,Trump,43334.4131868132,1147.6482638831,32.2384615384615
48620,"Wichita, KS",1749.5302214243,0.484739676840215,0.562907906230697,Trump,54085.2351885099,2446.59148072446,37.4837821663674
48660,"Wichita Falls, TX",2060.95336787565,0.531088082901554,0.734207719093123,Trump,42146.8264248705,1709.42132198447,34.430310880829
48700,"Williamsport, PA",1164.76149425287,0.258620689655173,0.696778862138429,Trump,45609.7068965517,2556.21132259141,42.4224137931035
48900,"Wilmington, NC",1168.98796389168,0.358074222668004,0.51518621725685,Trump,51896.5777331996,1884.28500758324,31.641223671013
49020,"Winchester, VA-WV",1993.90616621984,0.482573726541555,0.542821822722325,Trump,56058.9115281501,2159.23819451804,33.2008042895442
49180,"Winston-Salem, NC",1672.11843711844,0.452991452991453,0.546572770530541,Trump,47566.9358974359,1394.89032072204,23.3108058608059
49340,"Worcester, MA-CT",1308.108203125,0.323828125,0.416743973684747,Clinton,66091.8046875,3312.5294137762,36.801015625
49420,"Yakima, WA",1632.50176678445,0.386925795053004,0.523312552526938,Trump,43817.1784452297,2534.08946372366,42.871554770318
49620,"York-Hanover, PA",1149.61381074169,0.335038363171356,0.617836936196396,Trump,59260.1023017903,2589.9434469393,32.9191815856777
49660,"Youngstown-Warren-Boardman, OH-PA",1843.65745454545,0.416727272727273,0.507582133900352,Trump,48361.0705454545,1496.41272510753,24.4761454545455
49700,"Yuba City, CA",1500.04923076923,0.433846153846154,0.548243585706115,Trump,44391.1292307692,2969.94519992603,47.2821538461538
49740,"Yuma, AZ",1912.44179104478,0.53134328358209,0.474721750613092,Clinton,41686.2805970149,2909.67998973392,33.3483582089552
