"MSA_GEOID","trump_pct","majority_vote","median_income","pop_density","walkscore"
10180,0.743025367183538,"Trump",45866.060324826,1915.43394545393,32.9352668213457
10420,0.461486558018603,"Clinton",61193.0568278202,1877.22315044032,25.8506361323155
10500,0.395410815490431,"Clinton",40240.0053619303,1272.3347089665,25.5300268096515
10540,0.570309439874657,"Trump",44985.5310734463,1662.18230916046,36.6005649717514
10580,0.422450875890909,"Clinton",62549.8331684801,3797.30265516123,40.9788658094296
10740,0.363068225080805,"Clinton",46889.9505567929,3448.24392395527,44.5745211581292
10780,0.652077226078568,"Trump",41756.8557377049,1262.33881884468,26.5796721311475
10900,0.518126658987079,"Trump",63719.8639133378,3018.7864513632,35.2612728503724
11020,0.707161055998265,"Trump",45343.2339832869,2698.00842821317,38.791364902507
11100,0.736053042778777,"Trump",49315.3460803059,2601.15303376918,42.7239005736138
11180,0.41316134312274,"Clinton",44738.5896551724,2167.14339854134,41.3020689655172
11460,0.268488370859803,"Clinton",62082.780876494,5905.57895282128,50.0557768924303
11500,0.447520357308206,"Clinton",39201.7376425856,677.913609392956,21.3049429657795
11540,0.539345183487713,"Trump",58814.3444283647,2260.68448424086,32.2960926193922
11700,0.473991952088566,"Clinton",44778.9015544041,1400.17750203942,31.3465025906736
12020,0.377727331069508,"Clinton",33259.3426688633,2843.9049976729,39.1387149917628
12060,0.403701674048831,"Clinton",65426.4615384615,2948.92485348681,30.2750549450549
12100,0.448960463531016,"Clinton",56678.9602053915,2872.03651678241,39.4130937098845
12220,0.371997807795222,"Clinton",35357.1586538462,1909.14326129968,24.7334134615385
12260,0.435227713793517,"Clinton",49299.9734332425,1375.66958832289,21.4288147138965
12420,0.391525381630729,"Clinton",72163.2023480663,3044.39323945575,34.9516574585635
12540,0.530727423893055,"Trump",50374.3213443396,3792.48609811759,38.3120283018868
12580,0.32219178138226,"Clinton",77438.1294541572,6141.70359955574,49.9368343787535
12620,0.510386729188726,"Trump",47110.7769230769,1355.87629558623,30.9135897435897
12700,0.398428351536666,"Clinton",61412.2009419152,704.035992760521,30.707535321821
12940,0.523997231724194,"Trump",56324.147333957,1687.68153340242,27.2508419083255
12980,0.53468473056942,"Trump",47380.686746988,1213.39477434975,26.0490963855422
13020,0.53472261547464,"Trump",42498.9538461538,1908.68319378793,28.8011538461538
13140,0.594017887126268,"Trump",48669.8582600196,1690.53885334185,28.6604105571848
13220,0.722890675977808,"Trump",40253.2185628743,659.103217250088,17.2167664670659
13380,0.358208560160227,"Clinton",49286.9403202329,2756.36576703257,43.3666666666667
13460,0.463609890723135,"Clinton",53938.3650793651,1783.28185764984,35.5726984126984
13740,0.602153324959447,"Trump",52524.9846153846,2167.93021789916,39.6165811965812
13780,0.497542572005917,"Clinton",46284.1940700809,2697.57025787256,38.4642857142857
13820,0.35011464391839,"Clinton",58247.4285714286,1682.44721524746,24.7522104493972
13900,0.687724244920494,"Trump",58611.8631578947,2494.44017260392,42.240701754386
13980,0.521855371923181,"Trump",51017.2867298578,816.419242864161,21.6464454976303
14010,0.45980119775267,"Clinton",59196.6361445783,3041.93443653465,38.5807228915663
14020,0.374106425526697,"Clinton",30763.3181818182,5820.95504001681,48.8684090909091
14100,0.629160323423951,"Trump",47621.1333333333,1800.78497147294,37.8891666666667
14260,0.531082788213677,"Trump",49783.5370476738,2665.59953552403,41.1060310166571
14460,0.297561456919708,"Clinton",82958.1288588057,10833.9906510397,56.9754238360324
14500,0.220021791703208,"Clinton",61172.4478844169,5160.96718112172,56.9533539731682
14540,0.478423928431801,"Clinton",40975.0275229358,2105.60243465684,30.6915137614679
14740,0.380663197949833,"Clinton",62604.3150684932,2492.27392229277,32.3044140030441
14860,0.380082343220218,"Clinton",92617.1833153348,5706.04989345683,48.9586123110151
15180,0.32008352274581,"Clinton",36566.1842610365,3028.34876680302,40.9926103646833
15260,0.639341245124305,"Trump",47564.3875,721.300067305888,24.6860416666667
15380,0.466252159285461,"Clinton",55684.9655068079,4179.78575427438,45.6125567322239
15500,0.545483929901485,"Trump",47883.0304568528,1398.29677937174,23.8291878172589
15540,0.259907254468667,"Clinton",61174.1641104294,2120.88232403512,36.8124233128834
15680,0.575077244091329,"Trump",85615.9159663866,665.655715832937,13.1651260504202
15940,0.569809665963904,"Trump",49587.8997844828,1906.64548969044,31.3487068965517
15980,0.58682192628538,"Trump",53618.366616238,2142.74545736353,24.8221886031266
16020,0.725299674509091,"Trump",44345.2208333333,1743.53738857803,28.9920833333333
16060,0.560147614718584,"Trump",37198.9946091644,1380.76250947843,30.3037735849057
16180,0.524664214902462,"Trump",57190.0615384615,2462.35392888293,32.6384615384615
16220,0.706249250329855,"Trump",56528.9339207048,2108.01727026933,36.7506607929515
16300,0.43746959689843,"Clinton",53996.1243093923,2070.0284141319,39.3812154696133
16540,0.713714130013911,"Trump",53191.7222222222,1753.07757090655,32.4984567901235
16580,0.375673204564843,"Clinton",45190.5482954545,6791.1217091759,46.7208806818182
16620,0.612318389774288,"Trump",40192.2812920592,1401.89421816884,28.471736204576
16700,0.310068625631899,"Clinton",57305.5996015936,2614.66306182203,33.842828685259
16740,0.457446728764237,"Clinton",63047.298206661,2054.78476620848,27.3981895815542
16820,0.262079676920312,"Clinton",64156.4507042254,3630.63749660122,42.5853521126761
16860,0.614255648323228,"Trump",48178.540922619,1429.7488470873,25.8256696428571
16940,0.606482950523567,"Trump",58405.2440191388,1584.93006288868,32.3038277511962
16980,0.283987949892576,"Clinton",74019.7742162864,10576.8681321567,57.4351660174365
17020,0.465392466134719,"Clinton",41814.3051146384,3010.36435497326,47.4742504409171
17140,0.571363596993037,"Trump",60612.8946753853,2600.47280504398,31.2776272769734
17300,0.590895059511592,"Trump",46903.6194144838,1392.73702869523,19.4651771956857
17420,0.771640862913169,"Trump",44296.9851301115,1249.79659085506,23.0762081784387
17460,0.408567344239586,"Clinton",57111.952652867,3125.90829548248,38.1452058053771
17660,0.670746061447456,"Trump",48913.7690721649,1996.92692404078,35.2072164948454
17780,0.598412010563901,"Trump",41086.047976012,3149.59030412149,34.4884557721139
17820,0.567201885708941,"Trump",59914.6389391199,3110.8964857802,36.5522001205546
17860,0.472316716243824,"Clinton",40547.0377358491,2311.46344787824,36.587893081761
17900,0.316453522031312,"Clinton",53536.1723756906,1789.67550303562,25.9217127071823
17980,0.405426310163288,"Clinton",45001.4485094851,1718.24161691827,27.8875338753388
18020,0.637183168163996,"Trump",56940.7511520737,1582.26437491479,29.9861751152074
18140,0.424399558263194,"Clinton",60942.1760485651,3648.46106067475,38.3378403237675
18580,0.504564849785212,"Trump",51289.3819444444,2946.89171767885,38.4087301587302
18700,0.275777900847127,"Clinton",37455.3020134228,5363.42703529331,57.4053691275168
18880,0.721826457065393,"Trump",64279.8204444444,1568.68695009432,26.6418666666667
19060,0.710252624362268,"Trump",43666.6172839506,1488.8924999764,32.0921810699588
19100,0.478726470947691,"Clinton",68368.7776569298,3901.12763189431,38.9018645121193
19140,0.72656314508966,"Trump",40684.5094339623,1408.98174254297,25.9896226415094
19180,0.620070170879085,"Trump",41438.9945355191,934.83287365678,26.7737704918033
19300,0.496055810787817,"Clinton",52989.4422310757,566.110949174156,16.507171314741
19340,0.45776256803665,"Clinton",52500.3475982533,2236.20083711954,37.8696943231441
19430,0.532383417310215,"Trump",52590.1287958115,2183.88624838841,31.689109947644
19460,0.487065283884141,"Clinton",44153.770773639,1253.19597461183,23.3358166189112
19500,0.559009571369122,"Trump",44953.4300341297,1895.14100099952,31.4750853242321
19660,0.548508703788299,"Trump",42225.4278698588,2107.3094039267,29.4302639656231
19740,0.335047764663285,"Clinton",72102.4138616674,5621.34743791456,50.7631870472944
19780,0.4354733675395,"Clinton",63655.5684740078,2530.73815617266,40.185410844047
19820,0.413453550111535,"Clinton",59457.906877898,3652.76908421116,40.8436727202473
20020,0.516857494704197,"Trump",45103.3477272727,891.304515351267,24.0829545454545
20100,0.491587108131898,"Clinton",51670.7056179775,1347.79792389103,29.3842696629213
20220,0.47183282717564,"Clinton",47605.2291021672,2317.46647670485,49.6303405572755
20260,0.410302034130513,"Clinton",45458.523216308,1398.04176444528,31.7524348810872
20500,0.258674127952633,"Clinton",55781.4557640751,2254.39376653422,33.0896782841823
20700,0.476493591756344,"Clinton",57426.7940552017,1045.04281230661,18.0575371549894
20740,0.485295921298338,"Clinton",49763.4379844961,1563.69058523273,26.753488372093
20940,0.264165852238465,"Clinton",46209.2833333333,3518.32000561381,39.449
21060,0.648610470125548,"Trump",49234.7003154574,955.965945743816,18.0712933753943
21140,0.404860217965207,"Clinton",50463.0281995662,1576.87820761714,26.5130151843818
21300,0.557862595419847,"Trump",47437.3485477178,1842.74650664496,33.2058091286307
21340,0.261328463300778,"Clinton",44143.7791304348,3745.89273351674,41.0660869565217
21420,0.737402118839245,"Trump",50779.96875,1605.70615254203,31.160625
21500,0.480409798699585,"Clinton",44888.2408450704,3030.54252403596,40.7274647887324
21660,0.349783797864027,"Clinton",39486.946685879,4101.37309931938,46.9389048991354
21780,0.566317511323472,"Trump",45032.190647482,1835.18877683182,31.7131894484412
22020,0.486570576638854,"Clinton",50346.4666666667,2996.80463205993,42.8425
22140,0.606072435480373,"Trump",50874.95951417,1447.88949256004,34.4704453441296
22180,0.445741376599513,"Clinton",43373.5393364929,1436.22107581988,23.0436018957346
22220,0.440325341029266,"Clinton",50086.2425665102,1863.11458568509,27.7630672926448
22380,0.353071055800883,"Clinton",49906.2994241843,2003.93729038939,37.2222648752399
22420,0.428816685006317,"Clinton",44007.1488912355,1826.88395226855,26.759767687434
22500,0.326069232331706,"Clinton",43311.1618257261,1027.16238197422,25.5958506224066
22520,0.47823740682321,"Clinton",42620.6598465473,1068.79815031461,26.0647058823529
22540,0.604827868373371,"Trump",56998.768115942,1680.84812923678,29.1880434782609
22660,0.42570453258224,"Clinton",55537.6015891033,3147.33639192469,39.4615209988649
22900,0.689452832130457,"Trump",40481.0246710526,1153.76037604533,26.7986842105263
23060,0.575110278543815,"Trump",46909.5967413442,2214.08759437224,31.5093686354379
23420,0.432133128035059,"Clinton",53108.9819148936,3062.85572454351,37.4621276595745
23460,0.481121272957097,"Clinton",39624.4308300395,1046.42993704617,23.8300395256917
23540,0.402065968583393,"Clinton",42528.7700421941,2538.74706895173,32.5086497890295
23580,0.731787704755708,"Trump",48756.6522727273,1698.12024023767,22.3252272727273
23900,0.654782246301313,"Trump",55776.0083682008,1697.22515106939,30.8305439330544
24020,0.520950335641186,"Trump",57027.054290718,1053.44849098979,23.1134851138354
24140,0.543313144863777,"Trump",39839.7212543554,695.515404529907,20.8296167247387
24220,0.56111499729984,"Trump",51620.5625,2186.84873396598,37.8977941176471
24260,0.676589311727805,"Trump",53716.7962962963,1584.37590948787,36.3472222222222
24300,0.641035877095835,"Trump",46232.2615012107,2193.99071498791,35.6525423728814
24340,0.526704863151253,"Trump",56121.2071307301,2578.98678826348,34.1091680814941
24420,0.604196588868941,"Trump",37971.5,1904.74880011451,34.5984848484849
24500,0.567874808365393,"Trump",45794.2469135802,2188.54080883967,40.9958847736626
24540,0.565982426345714,"Trump",62223.135678392,2748.91105819986,30.6644891122278
24580,0.549259370107655,"Trump",53010.0196078431,1901.87614190971,29.1728758169935
24660,0.464921731270109,"Clinton",46104.3052858684,1989.23992133568,29.9901833872708
24780,0.443217802724552,"Clinton",39404.6,2375.02825728482,29.7921276595745
24860,0.432121008497459,"Clinton",50232.5923740354,1524.98346407963,27.1042215161144
25060,0.670035822344134,"Trump",43119.390438247,1329.59172397121,25.7877290836653
25180,0.642240839603899,"Trump",50121.5242424242,1874.13246927349,32.4686363636364
25220,0.647874694749695,"Trump",40843.398255814,979.532749791009,22.5779069767442
25260,0.527338968230836,"Trump",50374.4531835206,3306.09245030232,41.5310861423221
25420,0.519522593916141,"Trump",55717.3609467456,2973.0615524404,38.8567202028741
25500,0.452685018091501,"Clinton",47730.5892351275,2581.54379737879,32.5410764872521
25540,0.382223329491324,"Clinton",71565.9243810549,3343.39365356514,37.1785522066738
25620,0.638699803263904,"Trump",41770.6506276151,1206.50133193946,22.2537656903766
25860,0.687245027619268,"Trump",44293.8618843683,880.671101349896,20.7038543897216
25940,0.360585894360018,"Clinton",60413.8154050465,929.021494150929,16.9634794156707
25980,0.395147417732949,"Clinton",46869.0882352941,961.594407838354,14.8788235294118
26140,0.677212356364722,"Trump",39509.4646153846,407.343335496323,9.47261538461538
26300,0.38079876215222,"Clinton",35691.9373219373,943.34153289104,23.342735042735
26380,0.74329201132618,"Trump",53342.8846153846,1462.46751593366,29.6238095238095
26420,0.47648518746921,"Clinton",70191.2723435344,4276.34804116856,39.8755580810131
26580,0.66463459981595,"Trump",40561.6877828054,1502.39016005411,29.2537330316742
26620,0.387334134374326,"Clinton",57333.942408377,1397.23649699508,23.9394415357766
26820,0.617597281032544,"Trump",49651.0297619048,2163.40230609285,39.671130952381
26900,0.484599248859427,"Clinton",58182.1925702811,2483.52483439678,31.4515060240964
26980,0.30805519052513,"Clinton",45746.6205533597,5454.93225888218,51.0187747035573
27060,0.243948909745254,"Clinton",44684.2416666667,7619.73374095469,54.7255555555556
27100,0.571106677956858,"Trump",42825.0870967742,1579.92574653977,30.9587096774194
27140,0.482581949485687,"Clinton",50992.9630337795,1269.71778969787,23.0908859145953
27180,0.618772161076161,"Trump",40090.7840466926,783.987604575879,21.5332684824903
27260,0.551372718940962,"Trump",57021.0925925926,2358.7980799638,30.2812592592593
27340,0.649724337096351,"Trump",44367.511682243,1109.43774420158,20.078738317757
27500,0.413945417258243,"Clinton",51491.4805194805,1898.60483608227,34.0272727272727
27620,0.689313199254207,"Trump",48844.1964285714,827.711648003369,21.6678571428571
27740,0.721887992950068,"Trump",43353.7723577236,1227.26446454922,24.65
27780,0.664590705355037,"Trump",43409.0081743869,1595.90643312009,29.799727520436
27860,0.657673144516018,"Trump",38531.7122507122,1434.50969893169,24.5615384615385
27900,0.738887868002551,"Trump",44516.2863534676,1140.57005023976,27.8203579418345
28020,0.40407287468626,"Clinton",48481.8865671642,2418.11493865725,30.3179104477612
28100,0.531212345418032,"Trump",53988.4191419142,1869.42840917935,37.803300330033
28140,0.51371720920372,"Trump",62735.4645685702,2723.87269870206,37.1868903709879
28420,0.55723688323508,"Trump",59306.9939759036,2783.86562728532,36.1992469879518
28660,0.574038748422043,"Trump",48122.5519630485,2177.92973626199,31.8912240184758
28700,0.7561976615088,"Trump",39089.0538461538,845.138698883538,21.46
28740,0.417647407407407,"Clinton",55002.3168449198,1445.02876000997,29.8600267379679
28940,0.636570468895917,"Trump",49441.4781576448,1722.74269227232,24.2217948717949
29020,0.644089004950764,"Trump",40765.5378151261,2039.90431217921,35.2449579831933
29100,0.428640666556636,"Clinton",48800.691588785,1965.23078910277,45.8123831775701
29180,0.670182225439959,"Trump",50678.7725631769,1669.06789384281,32.1151624548736
29200,0.49578323919593,"Clinton",43117.6027633851,3995.3319333336,36.2483592400691
29340,0.650911337054277,"Trump",47684.0545808967,1703.98909350251,30.5649122807018
29420,0.729044444166469,"Trump",41264.4226415094,1216.18097299203,21.0032075471698
29460,0.548595841362656,"Trump",43010.2756024096,1797.72742076687,27.0560240963855
29540,0.571226209952989,"Trump",58641.1717557252,3665.94218496749,40.1449618320611
29620,0.409193775502396,"Clinton",49032.80489671,2994.90547351022,36.0782708492731
29700,0.227519550127405,"Clinton",42037.2928709056,4898.6986920188,49.2452793834297
29740,0.35916091042917,"Clinton",36341.1449275362,2624.42010986728,38.4217391304348
29820,0.417145390302098,"Clinton",52837.7809798271,5403.89022881788,45.8070859467706
29940,0.293249745442929,"Clinton",48607.6206896552,3724.29533796751,45.5882183908046
30020,0.599491648523055,"Trump",44834.2272727273,2206.15314880179,39.4399350649351
30140,0.648368878293842,"Trump",54620.0430463576,2846.1002338927,35.0480132450331
30300,0.607842126775875,"Trump",43465.6949152542,1415.36366511621,39.2779661016949
30340,0.508164257295624,"Trump",44405.2596491228,2000.37542130864,37.6284210526316
30460,0.47560782990227,"Clinton",51813.585665529,3622.22949161811,40.061843003413
30620,0.664291628535321,"Trump",43425.4555555556,1649.68442518744,32.3911111111111
30700,0.462564476391949,"Clinton",55759.9484029484,3319.47068980498,42.6610565110565
30780,0.320122989554918,"Clinton",51010.0846113168,1737.59760210725,29.588260179799
30860,0.461185010133878,"Clinton",45285.1226415094,3193.91623849371,38.7004716981132
30980,0.716703436438068,"Trump",45269.085106383,977.921475238807,24.650664893617
31020,0.513934355616816,"Trump",40965.28,1994.7817686996,38.3206666666667
31080,0.275136112917011,"Clinton",70775.6160214385,11481.4664103343,61.4972101258554
31140,0.458474459650332,"Clinton",55223.4016722408,2875.16855657129,36.1971571906355
31180,0.6654130134188,"Trump",47944.9152317881,3623.41234325644,39.2617218543046
31340,0.601043323506466,"Trump",48094.8470588235,1321.29705031622,23.3436974789916
31420,0.427978920212752,"Clinton",40034.1326219512,1263.49775304984,24.867987804878
31460,0.536856138092721,"Trump",49666.5229681979,1990.59215317564,26.0579505300353
31540,0.271754071265311,"Clinton",61917.0939012585,6941.58687841708,42.9715876089061
31700,0.503164217526547,"Trump",67601.8156370656,3211.08429507897,39.9689189189189
31740,0.539712941487187,"Trump",46962.1711229947,2589.73925020705,40.501871657754
31860,0.466342408324868,"Clinton",49737.805785124,2616.29937005305,41.5190082644628
31900,0.662694244213424,"Trump",44443.3672131148,1114.49564659544,26.4662295081967
32580,0.280459186909368,"Clinton",39679.4496499731,2771.12640558569,36.4639203015617
32780,0.492741957613398,"Clinton",41084.4430693069,2264.3356661725,42.939603960396
32820,0.42106812987696,"Clinton",57648.3652467313,2220.13278176156,28.3827498945593
32900,0.403855076131427,"Clinton",44754.9211136891,3145.37326234967,41.731090487239
33100,0.344301905188193,"Clinton",56560.1396540679,7810.97258111082,55.3779046066042
33140,0.497423754083624,"Clinton",42941.3970149254,1761.55916032849,31.4459701492537
33220,0.561003152496118,"Trump",54491.6758241758,1798.63962653031,25.6043956043956
33260,0.753828051497672,"Trump",73888.8798955614,2988.9595498447,42.0592689295039
33340,0.405387848248339,"Clinton",62270.7302263648,5414.11656369636,49.0133155792277
33460,0.375767871533978,"Clinton",69886.592275758,4444.3964770159,41.5002390237766
33540,0.375825549380944,"Clinton",42173.0023752969,2687.88291576849,49.9767220902613
33660,0.339580961258636,"Clinton",45687.7847965739,1788.40548917427,28.3009635974304
33700,0.450064791348921,"Clinton",51711.8941605839,4106.71247592214,45.3542579075426
33740,0.616742495666802,"Trump",34792.0819366853,1262.75335178465,28.2512104283054
33780,0.582890942897949,"Trump",56611.8415841584,1300.52700977708,20.6828382838284
33860,0.307631745862443,"Clinton",50791.2988260406,1535.06873483359,22.4785485592316
34060,0.546332058179597,"Trump",45585.9205702648,2624.81334489753,31.6810590631365
34100,0.774994113046907,"Trump",40474.4914675768,864.864600891597,15.9658703071672
34580,0.426518990648346,"Clinton",48976.6659340659,1624.66544936918,33.1147252747253
34620,0.541779458153426,"Trump",36300.2454212454,2633.17146272117,32.2604395604396
34740,0.462644708533962,"Clinton",45211.6559139785,1752.42847652031,27.755376344086
34820,0.473525184573079,"Clinton",45530.2911694511,1168.54031993778,25.6307875894988
34900,0.283696148080558,"Clinton",74726.6051136364,3437.56501621939,44.803125
34940,0.611112399281201,"Trump",68354.5750251762,2443.13782827805,29.3841893252769
34980,0.518411942621862,"Trump",60124.4243065848,2077.78026183937,28.459877196697
35100,0.592593597600821,"Trump",47384.563253012,859.412336858014,22.4346385542169
35300,0.41964507158198,"Clinton",63590.6655428186,4752.32454251761,46.2307484828051
35380,0.425322325581087,"Clinton",55441.0481481481,4793.43891184188,56.5686111111111
35620,0.295158816369108,"Clinton",81229.6920975262,32268.1173024812,71.7143408665697
35660,0.536532881675945,"Trump",48756.5876494024,1016.00903319379,27.2181274900398
35840,0.548271636869605,"Trump",55644.8325024925,2872.57648563432,34.3591724825523
35980,0.437645725388601,"Clinton",68397.8092672414,1851.15970234153,28.1738146551724
36100,0.613035815804434,"Trump",39366.4498094028,1028.17887790956,20.3663278271919
36140,0.577724521710874,"Trump",61693.486013986,1618.44648151852,42.6067599067599
36220,0.684916506980564,"Trump",58644.2618384401,2831.10885493414,36.4440111420613
36260,0.467068706326376,"Clinton",60574.4232437121,3020.20927513453,38.4150910667823
36420,0.570219659835002,"Trump",55815.7482559903,2602.98405493206,35.229178040643
36500,0.362286651263323,"Clinton",54112.51901566,2101.15000895023,35.5308724832215
36540,0.509629510585853,"Trump",62925.3349056604,2911.12748983832,40.193501048218
36740,0.402298629586268,"Clinton",53272.8914193359,2737.47201540046,32.2822803408757
36780,0.498577067841733,"Clinton",49797.2593457944,3076.916539317,40.1969626168224
36980,0.639555220072198,"Trump",51187.132,1585.59427347482,26.0436
37100,0.371587354185037,"Clinton",73124.6985530547,5151.97788267137,50.4493569131833
37340,0.571595613265816,"Trump",50643.7677824268,2341.68978735979,29.9845885634589
37460,0.704971549046723,"Trump",49120.0182054616,1579.67973973799,31.2230169050715
37620,0.715970029934359,"Trump",43231.1538461538,1707.71966323704,42.2300699300699
37860,0.623980836432421,"Trump",53658.4369747899,1666.48357427298,25.4625
37900,0.535480882425212,"Trump",57621.8271604938,1501.43404265833,29.9275962236747
37980,0.348606753073618,"Clinton",73839.9265933703,7335.33229560271,47.4527486153592
38060,0.47996967964566,"Clinton",62391.3250525894,4307.62918286681,41.1362816788541
38220,0.396274145491939,"Clinton",38114.4576271186,993.829890805812,22.5468926553672
38300,0.500561398020177,"Trump",56450.6485807215,3901.75512491696,39.5801892371378
38340,0.256625569593246,"Clinton",56084.9083469722,1496.65256878493,30.7464811783961
38540,0.520467435931964,"Trump",41016.7950819672,2232.54694364331,42.3459016393443
38860,0.38106452452623,"Clinton",58168.049931911,2048.64378233113,36.0111211983659
38900,0.271062785372678,"Clinton",59127.1933072268,6354.71937406142,59.3778568885724
38940,0.547884771073924,"Trump",46008.9402173913,1966.47012928011,25.5752717391304
39100,0.491527432195456,"Clinton",70303.3647672552,2748.94215347106,32.5964285714286
39150,0.623241590214067,"Trump",44883.6166419019,974.822429163289,23.5236255572065
39300,0.40303229363243,"Clinton",62134.3641799544,4440.89855120718,44.59715261959
39340,0.50648062052211,"Trump",59200.1873747495,4497.24791948309,45.7426853707415
39380,0.461116903593317,"Clinton",39317.6703056769,2169.79322671359,32.1796943231441
39460,0.619609618570385,"Trump",42782.997826087,1491.54246179236,21.5636956521739
39540,0.495161101845261,"Clinton",56887.4070080863,2588.75239012999,35.1673854447439
39580,0.410750935586,"Clinton",70291.864556962,2373.3061278295,29.2832911392405
39660,0.637832552368701,"Trump",47724.8489702517,1494.19582581969,29.4080091533181
39740,0.524898823912866,"Trump",56260.8299643282,5204.40397640108,42.5611177170036
39820,0.639045221169036,"Trump",42110.6615087041,1878.79052204594,30.7466150870406
39900,0.455819453843799,"Clinton",51202.1926701571,4007.5687798729,50.2956020942408
40060,0.418702714566794,"Clinton",68356.5593869732,2566.19951105788,28.3572158365262
40140,0.430788024574734,"Clinton",56523.9193803908,3541.41871405327,33.9030100334448
40220,0.535931997180901,"Trump",52541.7753246753,1890.35492127676,32.5915584415584
40340,0.48639565639896,"Clinton",56860.0743243243,2391.27434880566,41.2290540540541
40380,0.436273984407387,"Clinton",52714.3710671424,3128.90441505403,36.5704184236134
40420,0.471083611250417,"Clinton",51727.6423766816,2278.36391888264,33.6720852017937
40580,0.444359169986445,"Clinton",41586.5465465465,646.48798448598,21.6378378378378
40660,0.696775312066574,"Trump",39534.7601626016,1127.6710588282,31.5626016260163
40900,0.394729526832761,"Clinton",64653.1765188834,3871.36770745503,39.0304871373837
40980,0.482071670907549,"Clinton",45501.2969432314,1348.03683684862,23.1480349344978
41060,0.604181749945344,"Trump",51472.2251308901,1663.51795231415,30.8579406631763
41100,0.683044794285806,"Trump",53274.4475138122,1127.95174606694,21.9779005524862
41140,0.636233258688129,"Trump",48009.3163636364,1768.62694985496,25.0018181818182
41180,0.447922652901481,"Clinton",62108.1855726872,2918.26047420961,36.6859581497797
41420,0.464348793757094,"Clinton",48360.3763636364,3156.29663062863,45.02
41500,0.264328025815444,"Clinton",64525.4851586489,5313.13493960177,50.5122824974411
41540,0.582342869075514,"Trump",61433.3510514019,1009.60754685606,31.1254088785047
41620,0.332089359197343,"Clinton",64670.429022082,4385.53245227185,50.3967665615142
41660,0.718944537850353,"Trump",41612.3402985075,2165.15421594793,40.2444776119403
41700,0.513256696711049,"Trump",61096.3515697855,2735.44480610149,28.912713708424
41740,0.365711879975505,"Clinton",73222.2786744136,6837.02472999601,52.1454701958253
41860,0.158264097188522,"Clinton",92169.0349056604,14772.0057450769,67.9203301886792
41940,0.211965266129653,"Clinton",109106.665560472,7637.02611504544,55.2575589970501
42020,0.409352633343537,"Clinton",62776.0296570899,2524.81366421149,46.2294717330862
42100,0.174179675673997,"Clinton",66126.8970588235,6063.35108857143,60.8998663101604
42140,0.200632751910855,"Clinton",53237.5716814159,1962.67336507236,51.2734513274336
42200,0.31510303111618,"Clinton",63817.1320293399,5921.84086513039,55.3969845150774
42220,0.222303903550687,"Clinton",69568.2771929825,2912.76232698009,42.4459649122807
42340,0.44708093829724,"Clinton",53173.9113149847,2269.28697313338,41.0494648318043
42540,0.537559639961419,"Trump",46004.823723229,3023.26024069116,41.60823723229
42660,0.273849158445156,"Clinton",72379.5507683037,8249.36313597843,57.2548659234709
42680,0.601963624657975,"Trump",46801.416856492,1686.04998262532,29.246013667426
42700,0.642563734759079,"Trump",35044.4032921811,1173.05588048657,17.1814814814815
43100,0.544095214148018,"Trump",53278.8039772727,2216.01724692464,38.1159090909091
43300,0.745001687194196,"Trump",50417.906626506,841.148512508459,25.4063253012048
43340,0.546855022786992,"Trump",42609.2349676226,1732.80697843988,30.9332099907493
43420,0.561633698021881,"Trump",42696.9283667622,1219.73337653089,27.1057306590258
43580,0.586434322579707,"Trump",50168.7111111111,1532.77698237165,38.5491111111111
43620,0.558550130723413,"Trump",50897.6305031447,2654.51889117742,42.8908805031447
43780,0.374001007736357,"Clinton",47101.949382716,2123.67857157125,31.9162962962963
43900,0.422868388956647,"Clinton",46527.2878581173,1078.93498599867,21.4485675306958
44060,0.493438773842987,"Clinton",41074.874260355,3169.54155761794,47.4345414201183
44100,0.513385491930912,"Trump",55980.600286533,2124.42575615882,36.7408309455587
44140,0.339868594827017,"Clinton",51974.2670807453,3366.04391383265,42.2482560917344
44180,0.64435756244167,"Trump",41167.5559380379,2203.4418343057,35.2454388984509
44220,0.573100652786143,"Trump",44360.6509090909,2198.6230563341,34.664
44300,0.456284683146416,"Clinton",45264.4590163934,13027.0547594939,56.6810304449649
44420,0.553054200208363,"Trump",47822.275862069,1337.92191384029,33.1551724137931
44700,0.391785094404455,"Clinton",56753.0493927125,5086.29313197739,48.037975708502
44940,0.275716494114594,"Clinton",36773.3624595469,766.385068231059,23.7226537216828
45060,0.442735666639822,"Clinton",51496.514200299,3019.87221670125,40.1790234180369
45220,0.369244706880428,"Clinton",50839.9935424354,2480.3721540594,33.1986162361624
45300,0.482606871236328,"Clinton",52109.0483473752,3662.71506676894,39.7167465975373
45460,0.598001317827339,"Trump",40664.476386037,1438.06897626193,29.4503080082136
45500,0.62862329041919,"Trump",42231.1778846154,1174.1323326322,24.0771634615385
45540,0.682695046479712,"Trump",47758.0360824742,968.130554648053,9.27422680412371
45780,0.444860706739563,"Clinton",54259.34416826,2293.97690563478,32.3908221797323
45820,0.513749874118393,"Trump",49042.1357142857,1685.11385908544,31.1067857142857
45940,0.292275666578085,"Clinton",92482.4932735426,4605.05593291747,43.8243647234679
46060,0.397087562849824,"Clinton",46302.8482849604,3652.52011780193,41.6510114335972
46140,0.616357100537434,"Trump",52462.4740527183,2315.96200712185,34.6039126853377
46220,0.354911786727712,"Clinton",43361.6352739726,1643.05692533208,28.173801369863
46300,0.668213333090851,"Trump",45557.1182432432,1941.79760497502,36.0918918918919
46340,0.695191581728954,"Trump",54401.4276315789,1644.82387616816,27.5320723684211
46540,0.584290370985643,"Trump",47231.9829242263,2094.00590048751,36.4129135538954
46660,0.578263942899958,"Trump",37628.2462686567,1577.65170795922,24.0716417910448
46700,0.308806823250917,"Clinton",66441.9524564184,4352.0188116477,40.4007923930269
47020,0.686156795045105,"Trump",57258.1210762332,2258.00883528285,32.37533632287
47220,0.450265154305075,"Clinton",45000.2099056604,2729.00778621689,34.8797169811321
47260,0.435564054728718,"Clinton",64367.1608527132,3180.46105763618,32.3442414174972
47300,0.509179359977641,"Trump",44460.3329113924,3174.96761311816,38.5535443037975
47380,0.61253009178383,"Trump",42875.3078101072,2080.6666667241,36.9183767228178
47460,0.520744904592559,"Trump",44315.8355263158,3034.52148618997,50.8276315789474
47580,0.578089960736756,"Trump",49265.9191011236,1383.87641655415,18.9916853932584
47900,0.223011162540423,"Clinton",95635.1533116834,8323.10446208026,54.4779925987463
47940,0.459382730169147,"Clinton",49829.2372881356,1972.66959232474,38.5716101694915
48060,0.574843498243482,"Trump",49807.911227154,1270.66496253757,27.8838120104439
48140,0.563229114300941,"Trump",52641.4670781893,1251.04343079207,28.3104938271605
48260,0.679525362062535,"Trump",42369.5063938619,1191.37647191807,26.4084398976982
48300,0.539224575873402,"Trump",50504.6979695431,1854.05939388183,31.7593908629442
48540,0.663865462318657,"Trump",43334.4131868132,1147.6482638831,32.2384615384615
48620,0.562907906230697,"Trump",54085.2351885099,2446.59148072446,37.4837821663674
48660,0.734207719093123,"Trump",42146.8264248705,1709.42132198447,34.430310880829
48700,0.696778862138429,"Trump",45609.7068965517,2556.21132259141,42.4224137931035
48900,0.51518621725685,"Trump",51896.5777331996,1884.28500758324,31.641223671013
49020,0.542821822722325,"Trump",56058.9115281501,2159.23819451804,33.2008042895442
49180,0.546572770530541,"Trump",47566.9358974359,1394.89032072204,23.3108058608059
49340,0.416743973684747,"Clinton",66091.8046875,3312.5294137762,36.801015625
49420,0.523312552526938,"Trump",43817.1784452297,2534.08946372366,42.871554770318
49620,0.617836936196396,"Trump",59260.1023017903,2589.9434469393,32.9191815856777
49660,0.507582133900352,"Trump",48361.0705454545,1496.41272510753,24.4761454545455
49700,0.548243585706115,"Trump",44391.1292307692,2969.94519992603,47.2821538461538
49740,0.474721750613092,"Clinton",41686.2805970149,2909.67998973392,33.3483582089552
