"GEOID","Tract","County","State","population","white_pct","median_income"
"26081000100","Census Tract 1","Kent County","Michigan",2279,0.71,47500
"26081000200","Census Tract 2","Kent County","Michigan",1942,0.87,77981
"26081000300","Census Tract 3","Kent County","Michigan",5019,0.86,72467
"26081000400","Census Tract 4","Kent County","Michigan",3102,0.9,80000
"26081000500","Census Tract 5","Kent County","Michigan",4035,0.83,81700
"26081000600","Census Tract 6","Kent County","Michigan",4556,0.91,87339
"26081000700","Census Tract 7","Kent County","Michigan",3268,0.76,39444
"26081000800","Census Tract 8","Kent County","Michigan",2507,0.68,42222
"26081000900","Census Tract 9","Kent County","Michigan",3318,0.82,73750
"26081001000","Census Tract 10","Kent County","Michigan",4644,0.59,65721
"26081001102","Census Tract 11.02","Kent County","Michigan",3818,0.73,52604
"26081001103","Census Tract 11.03","Kent County","Michigan",4608,0.49,46012
"26081001104","Census Tract 11.04","Kent County","Michigan",2006,0.54,43083
"26081001200","Census Tract 12","Kent County","Michigan",3448,0.71,59479
"26081001300","Census Tract 13","Kent County","Michigan",3356,0.49,43522
"26081001400","Census Tract 14","Kent County","Michigan",2380,0.78,75950
"26081001500","Census Tract 15","Kent County","Michigan",3844,0.52,44451
"26081001600","Census Tract 16","Kent County","Michigan",5569,0.71,53176
"26081001700","Census Tract 17","Kent County","Michigan",4407,0.88,65082
"26081001801","Census Tract 18.01","Kent County","Michigan",4313,0.94,82774
"26081001802","Census Tract 18.02","Kent County","Michigan",2055,0.9,81389
"26081001900","Census Tract 19","Kent County","Michigan",6101,0.69,76903
"26081002000","Census Tract 20","Kent County","Michigan",2705,0.65,35809
"26081002100","Census Tract 21","Kent County","Michigan",2972,0.79,46885
"26081002200","Census Tract 22","Kent County","Michigan",5131,0.82,62177
"26081002300","Census Tract 23","Kent County","Michigan",3802,0.88,91940
"26081002400","Census Tract 24","Kent County","Michigan",3100,0.83,92321
"26081002500","Census Tract 25","Kent County","Michigan",4587,0.81,73617
"26081002600","Census Tract 26","Kent County","Michigan",3675,0.39,53972
"26081002700","Census Tract 27","Kent County","Michigan",3323,0.76,59875
"26081002800","Census Tract 28","Kent County","Michigan",1788,0.31,18678
"26081002900","Census Tract 29","Kent County","Michigan",1549,0.69,75750
"26081003000","Census Tract 30","Kent County","Michigan",2049,0.53,63977
"26081003100","Census Tract 31","Kent County","Michigan",4170,0.27,57549
"26081003200","Census Tract 32","Kent County","Michigan",5617,0.31,41464
"26081003300","Census Tract 33","Kent County","Michigan",4138,0.61,107944
"26081003400","Census Tract 34","Kent County","Michigan",5013,0.66,88594
"26081003500","Census Tract 35","Kent County","Michigan",5365,0.38,51803
"26081003600","Census Tract 36","Kent County","Michigan",2292,0.16,28733
"26081003700","Census Tract 37","Kent County","Michigan",4831,0.34,49538
"26081003800","Census Tract 38","Kent County","Michigan",4729,0.27,48782
"26081003900","Census Tract 39","Kent County","Michigan",3265,0.33,49115
"26081004000","Census Tract 40","Kent County","Michigan",3838,0.35,53482
"26081004100","Census Tract 41","Kent County","Michigan",5652,0.61,97000
"26081004200","Census Tract 42","Kent County","Michigan",3876,0.62,69954
"26081004300","Census Tract 43","Kent County","Michigan",4040,0.75,79970
"26081004400","Census Tract 44","Kent County","Michigan",7222,0.86,67583
"26081004501","Census Tract 45.01","Kent County","Michigan",4776,0.43,80011
"26081004502","Census Tract 45.02","Kent County","Michigan",4033,0.43,56944
"26081004600","Census Tract 46","Kent County","Michigan",5789,0.46,40039
"26081010101","Census Tract 101.01","Kent County","Michigan",5874,0.95,70859
"26081010102","Census Tract 101.02","Kent County","Michigan",2433,0.99,68438
"26081010200","Census Tract 102","Kent County","Michigan",4520,0.86,48698
"26081010301","Census Tract 103.01","Kent County","Michigan",5412,0.95,69299
"26081010302","Census Tract 103.02","Kent County","Michigan",6031,0.92,79598
"26081010401","Census Tract 104.01","Kent County","Michigan",5189,0.93,87738
"26081010402","Census Tract 104.02","Kent County","Michigan",4232,0.95,56101
"26081010601","Census Tract 106.01","Kent County","Michigan",4219,0.92,122867
"26081010602","Census Tract 106.02","Kent County","Michigan",8755,0.9,104539
"26081010700","Census Tract 107","Kent County","Michigan",5220,0.91,96071
"26081010802","Census Tract 108.02","Kent County","Michigan",6122,0.92,88616
"26081010803","Census Tract 108.03","Kent County","Michigan",6490,0.94,126707
"26081010804","Census Tract 108.04","Kent County","Michigan",2487,0.92,79458
"26081010902","Census Tract 109.02","Kent County","Michigan",3857,0.96,110313
"26081010903","Census Tract 109.03","Kent County","Michigan",7405,0.93,117987
"26081010904","Census Tract 109.04","Kent County","Michigan",6938,0.94,126089
"26081011001","Census Tract 110.01","Kent County","Michigan",4387,0.9,113259
"26081011002","Census Tract 110.02","Kent County","Michigan",4446,0.94,85000
"26081011101","Census Tract 111.01","Kent County","Michigan",4453,0.95,77639
"26081011102","Census Tract 111.02","Kent County","Michigan",5274,0.91,102837
"26081011200","Census Tract 112","Kent County","Michigan",4191,0.86,67520
"26081011301","Census Tract 113.01","Kent County","Michigan",4569,0.88,70074
"26081011302","Census Tract 113.02","Kent County","Michigan",6668,0.92,103294
"26081011401","Census Tract 114.01","Kent County","Michigan",2046,0.9,80078
"26081011403","Census Tract 114.03","Kent County","Michigan",3312,0.71,77763
"26081011405","Census Tract 114.05","Kent County","Michigan",3586,0.94,84392
"26081011406","Census Tract 114.06","Kent County","Michigan",5100,0.64,44748
"26081011501","Census Tract 115.01","Kent County","Michigan",1637,0.78,65556
"26081011502","Census Tract 115.02","Kent County","Michigan",5788,0.85,66389
"26081011601","Census Tract 116.01","Kent County","Michigan",4444,0.86,78448
"26081011602","Census Tract 116.02","Kent County","Michigan",3288,0.88,76168
"26081011701","Census Tract 117.01","Kent County","Michigan",5727,0.89,68194
"26081011702","Census Tract 117.02","Kent County","Michigan",4291,0.85,74269
"26081011801","Census Tract 118.01","Kent County","Michigan",8717,0.9,116940
"26081011803","Census Tract 118.03","Kent County","Michigan",4662,0.83,140500
"26081011804","Census Tract 118.04","Kent County","Michigan",5065,0.85,98444
"26081011901","Census Tract 119.01","Kent County","Michigan",7456,0.92,165956
"26081011902","Census Tract 119.02","Kent County","Michigan",6929,0.84,145106
"26081012002","Census Tract 120.02","Kent County","Michigan",6142,0.95,107303
"26081012003","Census Tract 120.03","Kent County","Michigan",7441,0.86,107840
"26081012004","Census Tract 120.04","Kent County","Michigan",4881,0.99,63056
"26081012201","Census Tract 122.01","Kent County","Michigan",7085,0.9,114442
"26081012202","Census Tract 122.02","Kent County","Michigan",7213,0.93,170681
"26081012203","Census Tract 122.03","Kent County","Michigan",5319,0.87,115956
"26081012300","Census Tract 123","Kent County","Michigan",3488,0.92,157143
"26081012400","Census Tract 124","Kent County","Michigan",4001,0.93,163071
"26081012500","Census Tract 125","Kent County","Michigan",4812,0.95,160948
"26081012604","Census Tract 126.04","Kent County","Michigan",7241,0.71,108875
"26081012605","Census Tract 126.05","Kent County","Michigan",3274,0.78,130433
"26081012608","Census Tract 126.08","Kent County","Michigan",4406,0.73,50712
"26081012609","Census Tract 126.09","Kent County","Michigan",2869,0.47,45379
"26081012610","Census Tract 126.10","Kent County","Michigan",2544,0.66,66074
"26081012611","Census Tract 126.11","Kent County","Michigan",2144,0.65,53145
"26081012612","Census Tract 126.12","Kent County","Michigan",3479,0.59,46541
"26081012702","Census Tract 127.02","Kent County","Michigan",4477,0.64,93750
"26081012703","Census Tract 127.03","Kent County","Michigan",5938,0.42,77381
"26081012704","Census Tract 127.04","Kent County","Michigan",2147,0.4,47022
"26081012705","Census Tract 127.05","Kent County","Michigan",3895,0.57,64837
"26081012800","Census Tract 128","Kent County","Michigan",4592,0.58,75640
"26081012901","Census Tract 129.01","Kent County","Michigan",5324,0.58,57083
"26081012902","Census Tract 129.02","Kent County","Michigan",5043,0.6,61183
"26081013000","Census Tract 130","Kent County","Michigan",3421,0.86,72132
"26081013100","Census Tract 131","Kent County","Michigan",5510,0.87,75032
"26081013200","Census Tract 132","Kent County","Michigan",7086,0.89,82396
"26081013300","Census Tract 133","Kent County","Michigan",5410,0.47,59700
"26081013400","Census Tract 134","Kent County","Michigan",5198,0.74,73519
"26081013500","Census Tract 135","Kent County","Michigan",4909,0.54,44490
"26081013600","Census Tract 136","Kent County","Michigan",2485,0.58,55750
"26081013700","Census Tract 137","Kent County","Michigan",7385,0.56,68925
"26081013801","Census Tract 138.01","Kent County","Michigan",1374,0.76,44405
"26081013803","Census Tract 138.03","Kent County","Michigan",3312,0.51,52266
"26081013804","Census Tract 138.04","Kent County","Michigan",4041,0.63,63190
"26081013900","Census Tract 139","Kent County","Michigan",6237,0.79,72925
"26081014000","Census Tract 140","Kent County","Michigan",7309,0.65,63505
"26081014100","Census Tract 141","Kent County","Michigan",2307,0.51,67163
"26081014200","Census Tract 142","Kent County","Michigan",3521,0.63,56330
"26081014300","Census Tract 143","Kent County","Michigan",2785,0.63,53446
"26081014503","Census Tract 145.03","Kent County","Michigan",7259,0.78,128313
"26081014504","Census Tract 145.04","Kent County","Michigan",5466,0.73,86125
"26081014505","Census Tract 145.05","Kent County","Michigan",5116,0.76,64589
"26081014506","Census Tract 145.06","Kent County","Michigan",2633,0.85,82302
"26081014603","Census Tract 146.03","Kent County","Michigan",4718,0.94,118958
"26081014604","Census Tract 146.04","Kent County","Michigan",4980,0.9,69615
"26081014605","Census Tract 146.05","Kent County","Michigan",6359,0.96,100915
"26081014606","Census Tract 146.06","Kent County","Michigan",5243,0.91,108283
"26081014701","Census Tract 147.01","Kent County","Michigan",5577,0.48,49818
"26081014703","Census Tract 147.03","Kent County","Michigan",5240,0.53,55184
"26081014704","Census Tract 147.04","Kent County","Michigan",3469,0.87,73915
"26081014803","Census Tract 148.03","Kent County","Michigan",4809,0.76,114615
"26081014805","Census Tract 148.05","Kent County","Michigan",7291,0.73,106528
"26081014806","Census Tract 148.06","Kent County","Michigan",6740,0.99,116845
"26081014808","Census Tract 148.08","Kent County","Michigan",2139,0.98,58026
"26081014809","Census Tract 148.09","Kent County","Michigan",5938,0.52,63798
"26081014810","Census Tract 148.10","Kent County","Michigan",5543,0.94,96875
"26081014811","Census Tract 148.11","Kent County","Michigan",3634,0.8,91410
"26161400100","Census Tract 4001","Washtenaw County","Michigan",1747,0.73,25093
"26161400300","Census Tract 4003","Washtenaw County","Michigan",5652,0.78,28463
"26161400400","Census Tract 4004","Washtenaw County","Michigan",3422,0.76,122788
"26161400500","Census Tract 4005","Washtenaw County","Michigan",7871,0.8,30085
"26161400600","Census Tract 4006","Washtenaw County","Michigan",4592,0.91,98605
"26161400700","Census Tract 4007","Washtenaw County","Michigan",3338,0.72,77961
"26161400800","Census Tract 4008","Washtenaw County","Michigan",3665,0.72,28125
"26161402100","Census Tract 4021","Washtenaw County","Michigan",2895,0.59,63519
"26161402201","Census Tract 4022.01","Washtenaw County","Michigan",4741,0.57,25470
"26161402300","Census Tract 4023","Washtenaw County","Michigan",2783,0.72,143534
"26161402500","Census Tract 4025","Washtenaw County","Michigan",2418,0.58,81989
"26161402601","Census Tract 4026.01","Washtenaw County","Michigan",2886,0.39,51548
"26161402700","Census Tract 4027","Washtenaw County","Michigan",5427,0.67,141404
"26161403100","Census Tract 4031","Washtenaw County","Michigan",1547,0.75,209861
"26161403200","Census Tract 4032","Washtenaw County","Michigan",3347,0.78,142525
"26161403300","Census Tract 4033","Washtenaw County","Michigan",3943,0.76,106071
"26161403400","Census Tract 4034","Washtenaw County","Michigan",2847,0.84,138158
"26161403500","Census Tract 4035","Washtenaw County","Michigan",2742,0.87,89600
"26161403600","Census Tract 4036","Washtenaw County","Michigan",5777,0.4,71384
"26161403800","Census Tract 4038","Washtenaw County","Michigan",3094,0.54,78079
"26161404100","Census Tract 4041","Washtenaw County","Michigan",3208,0.75,124293
"26161404200","Census Tract 4042","Washtenaw County","Michigan",1950,0.64,55368
"26161404300","Census Tract 4043","Washtenaw County","Michigan",2783,0.85,121912
"26161404400","Census Tract 4044","Washtenaw County","Michigan",2184,0.71,149167
"26161404500","Census Tract 4045","Washtenaw County","Michigan",3990,0.66,80815
"26161404600","Census Tract 4046","Washtenaw County","Michigan",5355,0.75,85114
"26161405100","Census Tract 4051","Washtenaw County","Michigan",1953,0.8,58214
"26161405200","Census Tract 4052","Washtenaw County","Michigan",4944,0.86,102089
"26161405300","Census Tract 4053","Washtenaw County","Michigan",5044,0.76,217344
"26161405400","Census Tract 4054","Washtenaw County","Michigan",2229,0.77,69226
"26161405500","Census Tract 4055","Washtenaw County","Michigan",2682,0.52,66602
"26161405600","Census Tract 4056","Washtenaw County","Michigan",4477,0.48,50200
"26161406000","Census Tract 4060","Washtenaw County","Michigan",3811,0.65,131571
"26161407000","Census Tract 4070","Washtenaw County","Michigan",5301,0.77,156711
"26161407400","Census Tract 4074","Washtenaw County","Michigan",6383,0.37,57688
"26161407600","Census Tract 4076","Washtenaw County","Michigan",3195,0.53,90823
"26161410100","Census Tract 4101","Washtenaw County","Michigan",3192,0.42,40464
"26161410200","Census Tract 4102","Washtenaw County","Michigan",2705,0.65,40595
"26161410300","Census Tract 4103","Washtenaw County","Michigan",4419,0.7,58548
"26161410400","Census Tract 4104","Washtenaw County","Michigan",3561,0.81,89167
"26161410500","Census Tract 4105","Washtenaw County","Michigan",2155,0.48,47588
"26161410600","Census Tract 4106","Washtenaw County","Michigan",3055,0.23,29391
"26161410700","Census Tract 4107","Washtenaw County","Michigan",1374,0.51,31250
"26161410800","Census Tract 4108","Washtenaw County","Michigan",1770,0.57,33854
"26161410900","Census Tract 4109","Washtenaw County","Michigan",1335,0.79,93784
"26161411000","Census Tract 4110","Washtenaw County","Michigan",2297,0.82,41286
"26161411200","Census Tract 4112","Washtenaw County","Michigan",2473,0.31,33787
"26161411700","Census Tract 4117","Washtenaw County","Michigan",2247,0.57,81850
"26161411900","Census Tract 4119","Washtenaw County","Michigan",3626,0.45,41875
"26161412000","Census Tract 4120","Washtenaw County","Michigan",4132,0.54,48667
"26161412100","Census Tract 4121","Washtenaw County","Michigan",3568,0.63,48289
"26161412300","Census Tract 4123","Washtenaw County","Michigan",3012,0.38,49688
"26161412600","Census Tract 4126","Washtenaw County","Michigan",2647,0.7,67609
"26161412700","Census Tract 4127","Washtenaw County","Michigan",4828,0.54,61218
"26161413000","Census Tract 4130","Washtenaw County","Michigan",3583,0.38,51191
"26161413200","Census Tract 4132","Washtenaw County","Michigan",5230,0.67,85313
"26161413401","Census Tract 4134.01","Washtenaw County","Michigan",4806,0.57,123409
"26161413402","Census Tract 4134.02","Washtenaw County","Michigan",5523,0.58,116333
"26161413403","Census Tract 4134.03","Washtenaw County","Michigan",1916,0.71,105727
"26161414000","Census Tract 4140","Washtenaw County","Michigan",3925,0.41,56563
"26161414200","Census Tract 4142","Washtenaw County","Michigan",2897,0.58,68279
"26161414300","Census Tract 4143","Washtenaw County","Michigan",3206,0.5,41071
"26161414500","Census Tract 4145","Washtenaw County","Michigan",2872,0.57,142500
"26161414700","Census Tract 4147","Washtenaw County","Michigan",1814,0.69,91020
"26161414900","Census Tract 4149","Washtenaw County","Michigan",3442,0.56,158994
"26161415200","Census Tract 4152","Washtenaw County","Michigan",2600,0.57,69205
"26161415400","Census Tract 4154","Washtenaw County","Michigan",1823,0.66,90123
"26161415600","Census Tract 4156","Washtenaw County","Michigan",2562,0.76,181875
"26161415800","Census Tract 4158","Washtenaw County","Michigan",3641,0.72,186420
"26161416000","Census Tract 4160","Washtenaw County","Michigan",3222,0.53,99554
"26161416200","Census Tract 4162","Washtenaw County","Michigan",5595,0.77,136705
"26161420000","Census Tract 4200","Washtenaw County","Michigan",3568,0.69,118242
"26161420200","Census Tract 4202","Washtenaw County","Michigan",3503,0.95,97031
"26161421100","Census Tract 4211","Washtenaw County","Michigan",3863,0.9,95746
"26161422201","Census Tract 4222.01","Washtenaw County","Michigan",3544,0.84,154886
"26161422202","Census Tract 4222.02","Washtenaw County","Michigan",4040,0.89,121667
"26161423400","Census Tract 4234","Washtenaw County","Michigan",6292,0.89,87305
"26161423600","Census Tract 4236","Washtenaw County","Michigan",2681,0.82,96481
"26161425000","Census Tract 4250","Washtenaw County","Michigan",4419,0.79,139265
"26161426001","Census Tract 4260.01","Washtenaw County","Michigan",2288,0.94,101786
"26161426002","Census Tract 4260.02","Washtenaw County","Michigan",1972,0.89,121597
"26161431000","Census Tract 4310","Washtenaw County","Michigan",4646,0.93,84319
"26161432000","Census Tract 4320","Washtenaw County","Michigan",4760,0.94,100592
"26161444000","Census Tract 4440","Washtenaw County","Michigan",6661,0.93,124013
"26161445000","Census Tract 4450","Washtenaw County","Michigan",2671,0.92,113684
"26161446200","Census Tract 4462","Washtenaw County","Michigan",2320,0.93,48836
"26161446400","Census Tract 4464","Washtenaw County","Michigan",3120,0.97,86500
"26161447000","Census Tract 4470","Washtenaw County","Michigan",3331,0.95,93598
"26161448000","Census Tract 4480","Washtenaw County","Michigan",3999,0.88,108986
"26161453000","Census Tract 4530","Washtenaw County","Michigan",5419,0.85,187563
"26161454001","Census Tract 4540.01","Washtenaw County","Michigan",1071,0.98,125625
"26161454002","Census Tract 4540.02","Washtenaw County","Michigan",3649,0.94,86375
"26161455000","Census Tract 4550","Washtenaw County","Michigan",5056,0.65,89808
"26161456000","Census Tract 4560","Washtenaw County","Michigan",5979,0.68,160793
"26161461000","Census Tract 4610","Washtenaw County","Michigan",7444,0.9,156250
"26161464000","Census Tract 4640","Washtenaw County","Michigan",6973,0.87,115125
"26161465001","Census Tract 4650.01","Washtenaw County","Michigan",1948,0.98,71121
"26161465002","Census Tract 4650.02","Washtenaw County","Michigan",4018,0.96,81344
"26161466000","Census Tract 4660","Washtenaw County","Michigan",2583,0.94,113750
"26161980101","Census Tract 9801.01","Washtenaw County","Michigan",4233,0.65,36019
"26161980102","Census Tract 9801.02","Washtenaw County","Michigan",3428,0.69,13792
"26161980200","Census Tract 9802","Washtenaw County","Michigan",0,NA,NA
"26161980300","Census Tract 9803","Washtenaw County","Michigan",1572,0.57,NA
"26161980400","Census Tract 9804","Washtenaw County","Michigan",0,NA,NA
"26161980500","Census Tract 9805","Washtenaw County","Michigan",2307,0.67,NA
"26161980600","Census Tract 9806","Washtenaw County","Michigan",1555,0.47,NA
"26161984000","Census Tract 9840","Washtenaw County","Michigan",42,1,NA
"26163500100","Census Tract 5001","Wayne County","Michigan",3622,0.04,44960
"26163500200","Census Tract 5002","Wayne County","Michigan",2549,0.05,51723
"26163500300","Census Tract 5003","Wayne County","Michigan",1679,0.04,41563
"26163500400","Census Tract 5004","Wayne County","Michigan",1223,0.02,32579
"26163500500","Census Tract 5005","Wayne County","Michigan",1170,0.05,46417
"26163500600","Census Tract 5006","Wayne County","Michigan",2704,0.01,44784
"26163500700","Census Tract 5007","Wayne County","Michigan",4318,0.03,48580
"26163500800","Census Tract 5008","Wayne County","Michigan",2462,0.05,31065
"26163500900","Census Tract 5009","Wayne County","Michigan",3877,0.02,29531
"26163501000","Census Tract 5010","Wayne County","Michigan",3056,0,34292
"26163501100","Census Tract 5011","Wayne County","Michigan",2835,0,37754
"26163501200","Census Tract 5012","Wayne County","Michigan",1310,0,27847
"26163501300","Census Tract 5013","Wayne County","Michigan",3431,0.03,48750
"26163501400","Census Tract 5014","Wayne County","Michigan",3305,0.17,55809
"26163501500","Census Tract 5015","Wayne County","Michigan",4303,0.06,34905
"26163501600","Census Tract 5016","Wayne County","Michigan",1868,0.09,22376
"26163501700","Census Tract 5017","Wayne County","Michigan",1756,0.27,33487
"26163501800","Census Tract 5018","Wayne County","Michigan",4396,0.27,66547
"26163501900","Census Tract 5019","Wayne County","Michigan",2581,0.07,45926
"26163502000","Census Tract 5020","Wayne County","Michigan",1901,0.02,38304
"26163502600","Census Tract 5026","Wayne County","Michigan",3399,0.01,30958
"26163502700","Census Tract 5027","Wayne County","Michigan",2395,0.01,30586
"26163503100","Census Tract 5031","Wayne County","Michigan",3126,0.03,44708
"26163503200","Census Tract 5032","Wayne County","Michigan",2315,0.11,50747
"26163503300","Census Tract 5033","Wayne County","Michigan",3225,0.02,40920
"26163503400","Census Tract 5034","Wayne County","Michigan",714,0.05,36042
"26163503500","Census Tract 5035","Wayne County","Michigan",1964,0,55591
"26163503600","Census Tract 5036","Wayne County","Michigan",1420,0.03,37353
"26163503900","Census Tract 5039","Wayne County","Michigan",2098,0.06,NA
"26163504000","Census Tract 5040","Wayne County","Michigan",1119,0.02,36190
"26163504100","Census Tract 5041","Wayne County","Michigan",1367,0,37784
"26163504200","Census Tract 5042","Wayne County","Michigan",1841,0.01,23702
"26163504300","Census Tract 5043","Wayne County","Michigan",1969,0.04,45417
"26163504400","Census Tract 5044","Wayne County","Michigan",1690,0.01,26471
"26163505100","Census Tract 5051","Wayne County","Michigan",2889,0.06,24954
"26163505200","Census Tract 5052","Wayne County","Michigan",3373,0.04,35175
"26163505400","Census Tract 5054","Wayne County","Michigan",1954,0.02,35329
"26163505600","Census Tract 5056","Wayne County","Michigan",4246,0.01,37909
"26163505700","Census Tract 5057","Wayne County","Michigan",3119,0.07,36712
"26163505800","Census Tract 5058","Wayne County","Michigan",3436,0.45,35525
"26163506100","Census Tract 5061","Wayne County","Michigan",1986,0.05,38929
"26163506200","Census Tract 5062","Wayne County","Michigan",2111,0.02,29349
"26163506300","Census Tract 5063","Wayne County","Michigan",1594,0.04,25938
"26163506400","Census Tract 5064","Wayne County","Michigan",1529,0.14,26019
"26163506500","Census Tract 5065","Wayne County","Michigan",1848,0.08,38393
"26163506600","Census Tract 5066","Wayne County","Michigan",2849,0.03,47770
"26163506700","Census Tract 5067","Wayne County","Michigan",1249,0.02,34286
"26163506800","Census Tract 5068","Wayne County","Michigan",4267,0.02,46250
"26163506900","Census Tract 5069","Wayne County","Michigan",3450,0.03,36429
"26163507000","Census Tract 5070","Wayne County","Michigan",2740,0.03,30179
"26163507100","Census Tract 5071","Wayne County","Michigan",1718,0,21597
"26163507200","Census Tract 5072","Wayne County","Michigan",1342,0.01,43042
"26163507300","Census Tract 5073","Wayne County","Michigan",1608,0.01,44475
"26163507400","Census Tract 5074","Wayne County","Michigan",2639,0.01,38876
"26163507500","Census Tract 5075","Wayne County","Michigan",2060,0.03,31053
"26163508000","Census Tract 5080","Wayne County","Michigan",1143,0.21,12609
"26163508100","Census Tract 5081","Wayne County","Michigan",1456,0.08,35000
"26163509000","Census Tract 5090","Wayne County","Michigan",1463,0.11,48281
"26163509100","Census Tract 5091","Wayne County","Michigan",4476,0.13,51520
"26163510600","Census Tract 5106","Wayne County","Michigan",5171,0.28,28779
"26163511200","Census Tract 5112","Wayne County","Michigan",1149,0.13,NA
"26163511300","Census Tract 5113","Wayne County","Michigan",2772,0.51,31705
"26163511400","Census Tract 5114","Wayne County","Michigan",1877,0.23,34306
"26163511900","Census Tract 5119","Wayne County","Michigan",1104,0.31,15662
"26163512800","Census Tract 5128","Wayne County","Michigan",2441,0.05,17153
"26163513200","Census Tract 5132","Wayne County","Michigan",1553,0.16,40147
"26163513300","Census Tract 5133","Wayne County","Michigan",2282,0.22,66184
"26163513700","Census Tract 5137","Wayne County","Michigan",3324,0.02,67736
"26163513800","Census Tract 5138","Wayne County","Michigan",2498,0.08,34188
"26163513900","Census Tract 5139","Wayne County","Michigan",1509,0.05,37667
"26163514100","Census Tract 5141","Wayne County","Michigan",2403,0.06,25600
"26163514200","Census Tract 5142","Wayne County","Michigan",1795,0.09,NA
"26163514300","Census Tract 5143","Wayne County","Michigan",2668,0.04,23622
"26163514500","Census Tract 5145","Wayne County","Michigan",744,0.08,32273
"26163515200","Census Tract 5152","Wayne County","Michigan",1448,0.18,20256
"26163515300","Census Tract 5153","Wayne County","Michigan",3270,0.2,20179
"26163515400","Census Tract 5154","Wayne County","Michigan",1471,0.65,115167
"26163515700","Census Tract 5157","Wayne County","Michigan",3034,0.18,23735
"26163516000","Census Tract 5160","Wayne County","Michigan",2408,0.1,36365
"26163516400","Census Tract 5164","Wayne County","Michigan",893,0.2,56490
"26163516500","Census Tract 5165","Wayne County","Michigan",2095,0.36,91510
"26163516600","Census Tract 5166","Wayne County","Michigan",2051,0.02,39760
"26163516700","Census Tract 5167","Wayne County","Michigan",3109,0.01,34058
"26163516800","Census Tract 5168","Wayne County","Michigan",992,0.15,NA
"26163516900","Census Tract 5169","Wayne County","Michigan",2253,0.07,28998
"26163517000","Census Tract 5170","Wayne County","Michigan",2896,0.44,61607
"26163517100","Census Tract 5171","Wayne County","Michigan",1180,0.31,53260
"26163517200","Census Tract 5172","Wayne County","Michigan",2332,0.37,84500
"26163517300","Census Tract 5173","Wayne County","Michigan",2286,0.29,36071
"26163517500","Census Tract 5175","Wayne County","Michigan",2580,0.2,15719
"26163518000","Census Tract 5180","Wayne County","Michigan",2480,0.37,38438
"26163518900","Census Tract 5189","Wayne County","Michigan",1926,0.02,28813
"26163519000","Census Tract 5190","Wayne County","Michigan",852,0.13,45227
"26163519100","Census Tract 5191","Wayne County","Michigan",1085,0.22,36250
"26163519200","Census Tract 5192","Wayne County","Michigan",1610,0.08,30781
"26163519300","Census Tract 5193","Wayne County","Michigan",1598,0.23,52917
"26163520200","Census Tract 5202","Wayne County","Michigan",2681,0.52,32059
"26163520300","Census Tract 5203","Wayne County","Michigan",2488,0.42,41912
"26163520400","Census Tract 5204","Wayne County","Michigan",1607,0.19,21912
"26163520700","Census Tract 5207","Wayne County","Michigan",2879,0.45,60919
"26163520800","Census Tract 5208","Wayne County","Michigan",1548,0.36,88281
"26163521100","Census Tract 5211","Wayne County","Michigan",1598,0.51,41491
"26163521400","Census Tract 5214","Wayne County","Michigan",1207,0.42,50179
"26163521500","Census Tract 5215","Wayne County","Michigan",1133,0.31,35938
"26163521800","Census Tract 5218","Wayne County","Michigan",1758,0.03,18133
"26163521900","Census Tract 5219","Wayne County","Michigan",2778,0.5,35673
"26163522000","Census Tract 5220","Wayne County","Michigan",1647,0.03,19758
"26163522300","Census Tract 5223","Wayne County","Michigan",1177,0.01,11912
"26163522400","Census Tract 5224","Wayne County","Michigan",882,0.22,NA
"26163522500","Census Tract 5225","Wayne County","Michigan",1733,0.22,18319
"26163522800","Census Tract 5228","Wayne County","Michigan",1359,0.18,24076
"26163523100","Census Tract 5231","Wayne County","Michigan",1347,0.3,13158
"26163523200","Census Tract 5232","Wayne County","Michigan",2984,0.32,36131
"26163523300","Census Tract 5233","Wayne County","Michigan",2922,0.31,49821
"26163523400","Census Tract 5234","Wayne County","Michigan",2307,0.37,41331
"26163523800","Census Tract 5238","Wayne County","Michigan",4078,0.38,37223
"26163524001","Census Tract 5240.01","Wayne County","Michigan",2538,0.31,50032
"26163524101","Census Tract 5241.01","Wayne County","Michigan",3484,0.25,27380
"26163524200","Census Tract 5242","Wayne County","Michigan",4660,0.39,40986
"26163524300","Census Tract 5243","Wayne County","Michigan",2398,0.39,45610
"26163524500","Census Tract 5245","Wayne County","Michigan",101,0.91,19375
"26163524600","Census Tract 5246","Wayne County","Michigan",1676,0.49,17774
"26163524700","Census Tract 5247","Wayne County","Michigan",3732,0.02,45051
"26163524800","Census Tract 5248","Wayne County","Michigan",2827,0.03,49868
"26163525400","Census Tract 5254","Wayne County","Michigan",2086,0.18,36685
"26163525700","Census Tract 5257","Wayne County","Michigan",4395,0.33,42894
"26163525800","Census Tract 5258","Wayne County","Michigan",1953,0.41,38158
"26163525900","Census Tract 5259","Wayne County","Michigan",2428,0.19,34352
"26163526000","Census Tract 5260","Wayne County","Michigan",2805,0.6,35981
"26163526100","Census Tract 5261","Wayne County","Michigan",2748,0.59,26400
"26163526200","Census Tract 5262","Wayne County","Michigan",2799,0.66,38676
"26163526300","Census Tract 5263","Wayne County","Michigan",3093,0.5,42398
"26163526400","Census Tract 5264","Wayne County","Michigan",1404,0.26,41010
"26163526500","Census Tract 5265","Wayne County","Michigan",1295,0.09,NA
"26163527900","Census Tract 5279","Wayne County","Michigan",1980,0.17,22784
"26163530100","Census Tract 5301","Wayne County","Michigan",2716,0.08,17026
"26163530200","Census Tract 5302","Wayne County","Michigan",3825,0.12,44427
"26163530300","Census Tract 5303","Wayne County","Michigan",1474,0.05,24211
"26163530400","Census Tract 5304","Wayne County","Michigan",1186,0.03,22993
"26163530500","Census Tract 5305","Wayne County","Michigan",1879,0.04,43805
"26163530800","Census Tract 5308","Wayne County","Michigan",1282,0.04,NA
"26163530900","Census Tract 5309","Wayne County","Michigan",1138,0.09,22462
"26163531100","Census Tract 5311","Wayne County","Michigan",1143,0.07,14671
"26163531200","Census Tract 5312","Wayne County","Michigan",2372,0.19,100547
"26163531300","Census Tract 5313","Wayne County","Michigan",1170,0.02,23837
"26163531400","Census Tract 5314","Wayne County","Michigan",1465,0.01,35929
"26163531501","Census Tract 5315.01","Wayne County","Michigan",1479,0.02,25508
"26163531502","Census Tract 5315.02","Wayne County","Michigan",823,0,NA
"26163531600","Census Tract 5316","Wayne County","Michigan",1843,0.02,35938
"26163531700","Census Tract 5317","Wayne County","Michigan",1133,0.04,16950
"26163531800","Census Tract 5318","Wayne County","Michigan",1287,0,29167
"26163531900","Census Tract 5319","Wayne County","Michigan",743,0.12,36414
"26163532100","Census Tract 5321","Wayne County","Michigan",2182,0.2,66618
"26163532400","Census Tract 5324","Wayne County","Michigan",1286,0.16,27997
"26163532600","Census Tract 5326","Wayne County","Michigan",2398,0.11,45034
"26163532700","Census Tract 5327","Wayne County","Michigan",437,0.07,35057
"26163533000","Census Tract 5330","Wayne County","Michigan",1541,0.23,38250
"26163533100","Census Tract 5331","Wayne County","Michigan",1595,0.05,28750
"26163533200","Census Tract 5332","Wayne County","Michigan",1033,0.06,28571
"26163533300","Census Tract 5333","Wayne County","Michigan",1249,0.03,43988
"26163533400","Census Tract 5334","Wayne County","Michigan",1592,0,17056
"26163533600","Census Tract 5336","Wayne County","Michigan",1421,0.04,26250
"26163533800","Census Tract 5338","Wayne County","Michigan",1694,0.07,30705
"26163533900","Census Tract 5339","Wayne County","Michigan",2561,0.27,44901
"26163534100","Census Tract 5341","Wayne County","Michigan",1594,0.01,35708
"26163534200","Census Tract 5342","Wayne County","Michigan",3201,0.02,30977
"26163534300","Census Tract 5343","Wayne County","Michigan",1035,0.04,43571
"26163534400","Census Tract 5344","Wayne County","Michigan",1677,0.07,22241
"26163534700","Census Tract 5347","Wayne County","Michigan",2694,0.05,35577
"26163534800","Census Tract 5348","Wayne County","Michigan",1961,0.03,27284
"26163535000","Census Tract 5350","Wayne County","Michigan",2770,0,52232
"26163535100","Census Tract 5351","Wayne County","Michigan",1477,0,29474
"26163535200","Census Tract 5352","Wayne County","Michigan",1973,0,20511
"26163535300","Census Tract 5353","Wayne County","Michigan",3769,0,36226
"26163535600","Census Tract 5356","Wayne County","Michigan",4663,0.04,37250
"26163535700","Census Tract 5357","Wayne County","Michigan",1344,0.01,33077
"26163535800","Census Tract 5358","Wayne County","Michigan",4423,0.03,28182
"26163536100","Census Tract 5361","Wayne County","Michigan",3270,0.06,28943
"26163536200","Census Tract 5362","Wayne County","Michigan",2123,0.06,34595
"26163536300","Census Tract 5363","Wayne County","Michigan",2383,0,47549
"26163536400","Census Tract 5364","Wayne County","Michigan",2442,0.01,35176
"26163536500","Census Tract 5365","Wayne County","Michigan",1986,0.07,29310
"26163536600","Census Tract 5366","Wayne County","Michigan",2466,0.01,29491
"26163536700","Census Tract 5367","Wayne County","Michigan",1047,0,40714
"26163536800","Census Tract 5368","Wayne County","Michigan",1818,0.02,26627
"26163536900","Census Tract 5369","Wayne County","Michigan",3086,0.01,35590
"26163537000","Census Tract 5370","Wayne County","Michigan",3146,0.01,34375
"26163537100","Census Tract 5371","Wayne County","Michigan",2220,0.03,32663
"26163537200","Census Tract 5372","Wayne County","Michigan",620,0.01,30789
"26163537300","Census Tract 5373","Wayne County","Michigan",1646,0,45319
"26163537500","Census Tract 5375","Wayne County","Michigan",2921,0.04,31814
"26163537600","Census Tract 5376","Wayne County","Michigan",3447,0.02,30932
"26163537700","Census Tract 5377","Wayne County","Michigan",2558,0,33724
"26163537800","Census Tract 5378","Wayne County","Michigan",1308,0.01,21681
"26163538100","Census Tract 5381","Wayne County","Michigan",2205,0.2,87250
"26163538200","Census Tract 5382","Wayne County","Michigan",1808,0.22,137987
"26163538300","Census Tract 5383","Wayne County","Michigan",2010,0.09,36563
"26163538400","Census Tract 5384","Wayne County","Michigan",4145,0.14,105109
"26163538500","Census Tract 5385","Wayne County","Michigan",5364,0.05,50484
"26163538600","Census Tract 5386","Wayne County","Michigan",5888,0.05,51171
"26163538700","Census Tract 5387","Wayne County","Michigan",3450,0.07,41442
"26163538800","Census Tract 5388","Wayne County","Michigan",2091,0,44648
"26163538900","Census Tract 5389","Wayne County","Michigan",3327,0.01,53315
"26163539000","Census Tract 5390","Wayne County","Michigan",2838,0.02,36607
"26163539100","Census Tract 5391","Wayne County","Michigan",1941,0.02,56894
"26163539200","Census Tract 5392","Wayne County","Michigan",4582,0.03,38567
"26163539300","Census Tract 5393","Wayne County","Michigan",4504,0.09,56333
"26163539400","Census Tract 5394","Wayne County","Michigan",3764,0,45929
"26163539500","Census Tract 5395","Wayne County","Michigan",3033,0.03,46939
"26163539600","Census Tract 5396","Wayne County","Michigan",3022,0.03,58924
"26163539700","Census Tract 5397","Wayne County","Michigan",2251,0,33511
"26163540100","Census Tract 5401","Wayne County","Michigan",3223,0.03,26303
"26163540200","Census Tract 5402","Wayne County","Michigan",2784,0.02,32750
"26163540300","Census Tract 5403","Wayne County","Michigan",4170,0.01,39855
"26163540400","Census Tract 5404","Wayne County","Michigan",2663,0.01,23077
"26163540500","Census Tract 5405","Wayne County","Michigan",2574,0.02,42120
"26163540600","Census Tract 5406","Wayne County","Michigan",3092,0.01,73177
"26163540700","Census Tract 5407","Wayne County","Michigan",3258,0.12,37661
"26163540800","Census Tract 5408","Wayne County","Michigan",2090,0.01,54315
"26163540900","Census Tract 5409","Wayne County","Michigan",3325,0.02,48068
"26163541000","Census Tract 5410","Wayne County","Michigan",4253,0.01,37544
"26163541100","Census Tract 5411","Wayne County","Michigan",1814,0.03,28382
"26163541200","Census Tract 5412","Wayne County","Michigan",2027,0.04,24180
"26163541300","Census Tract 5413","Wayne County","Michigan",2605,0.15,49089
"26163541400","Census Tract 5414","Wayne County","Michigan",2739,0.1,45735
"26163541500","Census Tract 5415","Wayne County","Michigan",3871,0.01,37307
"26163541700","Census Tract 5417","Wayne County","Michigan",2517,0.01,33592
"26163541800","Census Tract 5418","Wayne County","Michigan",2394,0.25,34815
"26163542100","Census Tract 5421","Wayne County","Michigan",4536,0.03,35633
"26163542200","Census Tract 5422","Wayne County","Michigan",3779,0,40523
"26163542300","Census Tract 5423","Wayne County","Michigan",2570,0.1,22023
"26163542400","Census Tract 5424","Wayne County","Michigan",2275,0,39850
"26163542500","Census Tract 5425","Wayne County","Michigan",2494,0.03,51115
"26163542600","Census Tract 5426","Wayne County","Michigan",3323,0,39702
"26163542900","Census Tract 5429","Wayne County","Michigan",3730,0.13,77176
"26163543000","Census Tract 5430","Wayne County","Michigan",1872,0.16,88347
"26163543100","Census Tract 5431","Wayne County","Michigan",2259,0.11,64423
"26163543200","Census Tract 5432","Wayne County","Michigan",3041,0,41507
"26163543300","Census Tract 5433","Wayne County","Michigan",3871,0.04,64125
"26163543400","Census Tract 5434","Wayne County","Michigan",4009,0.02,55518
"26163543500","Census Tract 5435","Wayne County","Michigan",1061,0.08,20083
"26163543700","Census Tract 5437","Wayne County","Michigan",2168,0.02,27700
"26163543900","Census Tract 5439","Wayne County","Michigan",970,0.06,27602
"26163544000","Census Tract 5440","Wayne County","Michigan",2561,0.04,36901
"26163544100","Census Tract 5441","Wayne County","Michigan",2725,0.08,29596
"26163544200","Census Tract 5442","Wayne County","Michigan",1615,0.15,26786
"26163544300","Census Tract 5443","Wayne County","Michigan",2449,0.15,40989
"26163544800","Census Tract 5448","Wayne County","Michigan",1639,0.07,37150
"26163545100","Census Tract 5451","Wayne County","Michigan",623,0.03,16563
"26163545200","Census Tract 5452","Wayne County","Michigan",2309,0.01,25240
"26163545500","Census Tract 5455","Wayne County","Michigan",3973,0.2,25068
"26163545600","Census Tract 5456","Wayne County","Michigan",4687,0.66,31656
"26163545700","Census Tract 5457","Wayne County","Michigan",3186,0.33,26726
"26163545800","Census Tract 5458","Wayne County","Michigan",5541,0.43,30183
"26163545900","Census Tract 5459","Wayne County","Michigan",4380,0.16,32083
"26163546000","Census Tract 5460","Wayne County","Michigan",2723,0.08,33379
"26163546100","Census Tract 5461","Wayne County","Michigan",3722,0.09,39375
"26163546201","Census Tract 5462.01","Wayne County","Michigan",3308,0.3,47320
"26163546301","Census Tract 5463.01","Wayne County","Michigan",1523,0.03,58476
"26163546600","Census Tract 5466","Wayne County","Michigan",1764,0.06,33438
"26163546700","Census Tract 5467","Wayne County","Michigan",2828,0.04,42257
"26163547000","Census Tract 5470","Wayne County","Michigan",3160,0.05,37920
"26163547100","Census Tract 5471","Wayne County","Michigan",4141,0.02,38494
"26163547200","Census Tract 5472","Wayne County","Michigan",3852,0.06,28306
"26163550100","Census Tract 5501","Wayne County","Michigan",3918,0.91,132862
"26163550200","Census Tract 5502","Wayne County","Michigan",4432,0.78,94601
"26163550300","Census Tract 5503","Wayne County","Michigan",3163,0.9,209063
"26163550400","Census Tract 5504","Wayne County","Michigan",1612,0.89,93214
"26163550500","Census Tract 5505","Wayne County","Michigan",4009,0.91,152917
"26163550600","Census Tract 5506","Wayne County","Michigan",2743,0.91,216250
"26163550700","Census Tract 5507","Wayne County","Michigan",5717,0.89,151370
"26163550800","Census Tract 5508","Wayne County","Michigan",1558,0.93,193188
"26163550900","Census Tract 5509","Wayne County","Michigan",2541,0.9,170900
"26163551100","Census Tract 5511","Wayne County","Michigan",5461,0.9,157174
"26163551200","Census Tract 5512","Wayne County","Michigan",3944,0.83,122768
"26163551300","Census Tract 5513","Wayne County","Michigan",4322,0.47,61791
"26163551400","Census Tract 5514","Wayne County","Michigan",4514,0.28,56759
"26163551500","Census Tract 5515","Wayne County","Michigan",2471,0.27,69886
"26163551600","Census Tract 5516","Wayne County","Michigan",3989,0.15,52417
"26163551700","Census Tract 5517","Wayne County","Michigan",3348,0.94,154274
"26163551800","Census Tract 5518","Wayne County","Michigan",3585,0.9,86607
"26163552000","Census Tract 5520","Wayne County","Michigan",4158,0.42,42684
"26163552100","Census Tract 5521","Wayne County","Michigan",5217,0.42,31490
"26163552200","Census Tract 5522","Wayne County","Michigan",4274,0.68,47179
"26163552300","Census Tract 5523","Wayne County","Michigan",4438,0.47,50571
"26163552400","Census Tract 5524","Wayne County","Michigan",3363,0.55,36744
"26163552801","Census Tract 5528.01","Wayne County","Michigan",6024,0.68,37298
"26163553000","Census Tract 5530","Wayne County","Michigan",860,0.04,NA
"26163553100","Census Tract 5531","Wayne County","Michigan",1352,0.19,46071
"26163553200","Census Tract 5532","Wayne County","Michigan",640,0.1,NA
"26163553601","Census Tract 5536.01","Wayne County","Michigan",2185,0.09,49733
"26163553800","Census Tract 5538","Wayne County","Michigan",883,0.05,NA
"26163554100","Census Tract 5541","Wayne County","Michigan",3766,0.42,52623
"26163554200","Census Tract 5542","Wayne County","Michigan",2982,0.51,51312
"26163554300","Census Tract 5543","Wayne County","Michigan",4907,0.64,65118
"26163554400","Census Tract 5544","Wayne County","Michigan",3457,0.29,66544
"26163554500","Census Tract 5545","Wayne County","Michigan",2678,0.42,40036
"26163554600","Census Tract 5546","Wayne County","Michigan",3518,0.68,82276
"26163554700","Census Tract 5547","Wayne County","Michigan",3535,0.35,103091
"26163554800","Census Tract 5548","Wayne County","Michigan",3291,0.36,73009
"26163554900","Census Tract 5549","Wayne County","Michigan",3623,0.45,78750
"26163555100","Census Tract 5551","Wayne County","Michigan",4498,0.56,68310
"26163555300","Census Tract 5553","Wayne County","Michigan",3564,0.24,59775
"26163555401","Census Tract 5554.01","Wayne County","Michigan",2961,0.11,58953
"26163555500","Census Tract 5555","Wayne County","Michigan",3289,0.27,60417
"26163555600","Census Tract 5556","Wayne County","Michigan",2982,0.48,84750
"26163556100","Census Tract 5561","Wayne County","Michigan",3348,0.65,71475
"26163556200","Census Tract 5562","Wayne County","Michigan",2659,0.79,66900
"26163556300","Census Tract 5563","Wayne County","Michigan",3300,0.83,60972
"26163556400","Census Tract 5564","Wayne County","Michigan",4248,0.84,124060
"26163556500","Census Tract 5565","Wayne County","Michigan",2154,0.79,66402
"26163556600","Census Tract 5566","Wayne County","Michigan",3740,0.93,120455
"26163556700","Census Tract 5567","Wayne County","Michigan",2632,0.89,89881
"26163556800","Census Tract 5568","Wayne County","Michigan",1706,0.85,125694
"26163556900","Census Tract 5569","Wayne County","Michigan",3814,0.75,95161
"26163557000","Census Tract 5570","Wayne County","Michigan",3119,0.75,71959
"26163557100","Census Tract 5571","Wayne County","Michigan",2563,0.74,85250
"26163557200","Census Tract 5572","Wayne County","Michigan",1940,0.89,80455
"26163557300","Census Tract 5573","Wayne County","Michigan",2006,0.9,108125
"26163557400","Census Tract 5574","Wayne County","Michigan",3289,0.88,112500
"26163557500","Census Tract 5575","Wayne County","Michigan",3883,0.95,108162
"26163557600","Census Tract 5576","Wayne County","Michigan",2984,0.92,116250
"26163557700","Census Tract 5577","Wayne County","Michigan",3925,0.98,115521
"26163557901","Census Tract 5579.01","Wayne County","Michigan",4045,0.91,91972
"26163558000","Census Tract 5580","Wayne County","Michigan",4537,0.89,92067
"26163558100","Census Tract 5581","Wayne County","Michigan",3521,0.84,95194
"26163558200","Census Tract 5582","Wayne County","Michigan",4559,0.79,89517
"26163558301","Census Tract 5583.01","Wayne County","Michigan",1606,0.84,64875
"26163558400","Census Tract 5584","Wayne County","Michigan",4590,0.91,95357
"26163558500","Census Tract 5585","Wayne County","Michigan",3725,0.91,94696
"26163558600","Census Tract 5586","Wayne County","Michigan",1769,0.89,102500
"26163558700","Census Tract 5587","Wayne County","Michigan",2740,0.93,79963
"26163558800","Census Tract 5588","Wayne County","Michigan",2669,0.84,100521
"26163558900","Census Tract 5589","Wayne County","Michigan",1901,0.87,105565
"26163559000","Census Tract 5590","Wayne County","Michigan",2729,0.87,75444
"26163559100","Census Tract 5591","Wayne County","Michigan",2608,0.78,90246
"26163559200","Census Tract 5592","Wayne County","Michigan",2207,0.85,97109
"26163559800","Census Tract 5598","Wayne County","Michigan",3112,0.05,15153
"26163560100","Census Tract 5601","Wayne County","Michigan",2774,0.98,118214
"26163560201","Census Tract 5602.01","Wayne County","Michigan",1645,0.69,99167
"26163560202","Census Tract 5602.02","Wayne County","Michigan",3338,0.8,91759
"26163560300","Census Tract 5603","Wayne County","Michigan",3591,0.84,113385
"26163560400","Census Tract 5604","Wayne County","Michigan",6416,0.9,103506
"26163561200","Census Tract 5612","Wayne County","Michigan",8245,0.59,184386
"26163561301","Census Tract 5613.01","Wayne County","Michigan",3534,0.75,212885
"26163561302","Census Tract 5613.02","Wayne County","Michigan",4692,0.76,238140
"26163561600","Census Tract 5616","Wayne County","Michigan",3790,0.91,67895
"26163561700","Census Tract 5617","Wayne County","Michigan",2387,0.85,70132
"26163561900","Census Tract 5619","Wayne County","Michigan",7037,0.84,163306
"26163562300","Census Tract 5623","Wayne County","Michigan",2155,0.93,160950
"26163562400","Census Tract 5624","Wayne County","Michigan",5411,0.92,126994
"26163562500","Census Tract 5625","Wayne County","Michigan",1602,0.86,65725
"26163562600","Census Tract 5626","Wayne County","Michigan",3987,0.89,135637
"26163562700","Census Tract 5627","Wayne County","Michigan",3711,0.93,118256
"26163562800","Census Tract 5628","Wayne County","Michigan",3586,0.85,87596
"26163562900","Census Tract 5629","Wayne County","Michigan",3389,0.91,71958
"26163563200","Census Tract 5632","Wayne County","Michigan",3257,0.58,77648
"26163563300","Census Tract 5633","Wayne County","Michigan",2934,0.73,84412
"26163563400","Census Tract 5634","Wayne County","Michigan",4691,0.82,115043
"26163563500","Census Tract 5635","Wayne County","Michigan",6245,0.86,147793
"26163563600","Census Tract 5636","Wayne County","Michigan",2039,0.69,118942
"26163563700","Census Tract 5637","Wayne County","Michigan",1991,0.47,126079
"26163563800","Census Tract 5638","Wayne County","Michigan",2901,0.85,92365
"26163563900","Census Tract 5639","Wayne County","Michigan",2606,0.65,117163
"26163564000","Census Tract 5640","Wayne County","Michigan",2276,0.57,60227
"26163564100","Census Tract 5641","Wayne County","Michigan",4529,0.69,81324
"26163564200","Census Tract 5642","Wayne County","Michigan",3782,0.78,88681
"26163564300","Census Tract 5643","Wayne County","Michigan",2404,0.81,102432
"26163564401","Census Tract 5644.01","Wayne County","Michigan",6277,0.66,173056
"26163564402","Census Tract 5644.02","Wayne County","Michigan",6929,0.49,159909
"26163564501","Census Tract 5645.01","Wayne County","Michigan",5764,0.62,191218
"26163564502","Census Tract 5645.02","Wayne County","Michigan",4543,0.68,163583
"26163564503","Census Tract 5645.03","Wayne County","Michigan",3609,0.55,113443
"26163564504","Census Tract 5645.04","Wayne County","Michigan",8152,0.51,102614
"26163564600","Census Tract 5646","Wayne County","Michigan",6636,0.63,132439
"26163564700","Census Tract 5647","Wayne County","Michigan",4665,0.54,95080
"26163564800","Census Tract 5648","Wayne County","Michigan",4914,0.69,106019
"26163564900","Census Tract 5649","Wayne County","Michigan",2004,0.59,50000
"26163565001","Census Tract 5650.01","Wayne County","Michigan",5103,0.56,81090
"26163565100","Census Tract 5651","Wayne County","Michigan",3812,0.52,62974
"26163565200","Census Tract 5652","Wayne County","Michigan",5151,0.62,58963
"26163565301","Census Tract 5653.01","Wayne County","Michigan",2271,0.26,28110
"26163565302","Census Tract 5653.02","Wayne County","Michigan",5077,0.51,41582
"26163565600","Census Tract 5656","Wayne County","Michigan",2140,0.9,93029
"26163565700","Census Tract 5657","Wayne County","Michigan",3661,0.64,76429
"26163565800","Census Tract 5658","Wayne County","Michigan",3687,0.92,63875
"26163565900","Census Tract 5659","Wayne County","Michigan",2414,0.7,74311
"26163566400","Census Tract 5664","Wayne County","Michigan",1082,0.52,54931
"26163566500","Census Tract 5665","Wayne County","Michigan",2593,0.63,40041
"26163566600","Census Tract 5666","Wayne County","Michigan",1793,0.79,70703
"26163566700","Census Tract 5667","Wayne County","Michigan",3895,0.75,59667
"26163566800","Census Tract 5668","Wayne County","Michigan",2851,0.64,71863
"26163566900","Census Tract 5669","Wayne County","Michigan",5354,0.6,47201
"26163567000","Census Tract 5670","Wayne County","Michigan",4309,0.3,57969
"26163567100","Census Tract 5671","Wayne County","Michigan",3403,0.72,62985
"26163567201","Census Tract 5672.01","Wayne County","Michigan",3498,0.87,75784
"26163567202","Census Tract 5672.02","Wayne County","Michigan",2831,0.59,58500
"26163567300","Census Tract 5673","Wayne County","Michigan",4685,0.79,74055
"26163567400","Census Tract 5674","Wayne County","Michigan",2609,0.89,65813
"26163567800","Census Tract 5678","Wayne County","Michigan",4478,0.61,47554
"26163567900","Census Tract 5679","Wayne County","Michigan",3035,0.84,79863
"26163568000","Census Tract 5680","Wayne County","Michigan",1770,0.82,41167
"26163568200","Census Tract 5682","Wayne County","Michigan",3865,0.87,76181
"26163568300","Census Tract 5683","Wayne County","Michigan",4068,0.51,63686
"26163568400","Census Tract 5684","Wayne County","Michigan",3998,0.79,60785
"26163568500","Census Tract 5685","Wayne County","Michigan",4165,0.53,38555
"26163568700","Census Tract 5687","Wayne County","Michigan",3877,0.53,60824
"26163568800","Census Tract 5688","Wayne County","Michigan",3466,0.42,46742
"26163568900","Census Tract 5689","Wayne County","Michigan",2536,0.9,48393
"26163569100","Census Tract 5691","Wayne County","Michigan",2575,0.87,75859
"26163569200","Census Tract 5692","Wayne County","Michigan",2605,0.86,48300
"26163569300","Census Tract 5693","Wayne County","Michigan",3513,0.91,61768
"26163569400","Census Tract 5694","Wayne County","Michigan",2912,0.86,49685
"26163569500","Census Tract 5695","Wayne County","Michigan",2698,0.78,59493
"26163569600","Census Tract 5696","Wayne County","Michigan",3542,0.91,82604
"26163569700","Census Tract 5697","Wayne County","Michigan",4466,0.87,72946
"26163569800","Census Tract 5698","Wayne County","Michigan",2376,0.82,56989
"26163569900","Census Tract 5699","Wayne County","Michigan",2516,0.85,75614
"26163570100","Census Tract 5701","Wayne County","Michigan",4671,0.21,50083
"26163570200","Census Tract 5702","Wayne County","Michigan",2703,0.25,31741
"26163570400","Census Tract 5704","Wayne County","Michigan",5842,0.21,33019
"26163570500","Census Tract 5705","Wayne County","Michigan",3345,0.21,49611
"26163570600","Census Tract 5706","Wayne County","Michigan",2329,0.05,27350
"26163570800","Census Tract 5708","Wayne County","Michigan",2870,0.09,32612
"26163570900","Census Tract 5709","Wayne County","Michigan",2029,0.05,40694
"26163571000","Census Tract 5710","Wayne County","Michigan",2050,0.06,46667
"26163571500","Census Tract 5715","Wayne County","Michigan",5209,0.8,46711
"26163571600","Census Tract 5716","Wayne County","Michigan",1587,0.88,NA
"26163571700","Census Tract 5717","Wayne County","Michigan",2690,0.8,58580
"26163571800","Census Tract 5718","Wayne County","Michigan",3654,0.74,58619
"26163571900","Census Tract 5719","Wayne County","Michigan",3047,0.76,55921
"26163572000","Census Tract 5720","Wayne County","Michigan",2485,0.91,82778
"26163572100","Census Tract 5721","Wayne County","Michigan",6514,0.98,53611
"26163572200","Census Tract 5722","Wayne County","Michigan",7435,0.91,60426
"26163572400","Census Tract 5724","Wayne County","Michigan",1547,0.97,83947
"26163572500","Census Tract 5725","Wayne County","Michigan",2224,0.76,57155
"26163572600","Census Tract 5726","Wayne County","Michigan",5327,0.75,46440
"26163572700","Census Tract 5727","Wayne County","Michigan",4563,0.84,65766
"26163572800","Census Tract 5728","Wayne County","Michigan",5601,0.79,57457
"26163572900","Census Tract 5729","Wayne County","Michigan",2820,0.78,55223
"26163573000","Census Tract 5730","Wayne County","Michigan",2853,0.86,115789
"26163573100","Census Tract 5731","Wayne County","Michigan",4918,0.86,66875
"26163573300","Census Tract 5733","Wayne County","Michigan",4639,0.91,45100
"26163573400","Census Tract 5734","Wayne County","Michigan",3796,0.89,50309
"26163573501","Census Tract 5735.01","Wayne County","Michigan",5501,0.8,31814
"26163573600","Census Tract 5736","Wayne County","Michigan",6744,0.88,28094
"26163573701","Census Tract 5737.01","Wayne County","Michigan",1773,0.87,79677
"26163573702","Census Tract 5737.02","Wayne County","Michigan",7871,0.93,41827
"26163573800","Census Tract 5738","Wayne County","Michigan",5869,0.85,46615
"26163573900","Census Tract 5739","Wayne County","Michigan",5670,0.99,62300
"26163574000","Census Tract 5740","Wayne County","Michigan",6577,0.94,45124
"26163574100","Census Tract 5741","Wayne County","Michigan",4555,0.9,41406
"26163574203","Census Tract 5742.03","Wayne County","Michigan",3439,0.75,99896
"26163574301","Census Tract 5743.01","Wayne County","Michigan",3814,0.79,83705
"26163574600","Census Tract 5746","Wayne County","Michigan",5476,0.92,98135
"26163574700","Census Tract 5747","Wayne County","Michigan",5333,0.96,87596
"26163574800","Census Tract 5748","Wayne County","Michigan",4512,0.92,112857
"26163574900","Census Tract 5749","Wayne County","Michigan",1951,0.87,65142
"26163575000","Census Tract 5750","Wayne County","Michigan",4490,0.88,85012
"26163575100","Census Tract 5751","Wayne County","Michigan",2631,0.83,68571
"26163575200","Census Tract 5752","Wayne County","Michigan",4493,0.8,64665
"26163575300","Census Tract 5753","Wayne County","Michigan",3707,0.86,75938
"26163575401","Census Tract 5754.01","Wayne County","Michigan",3194,0.92,70288
"26163575500","Census Tract 5755","Wayne County","Michigan",4446,0.79,71017
"26163575600","Census Tract 5756","Wayne County","Michigan",2060,0.84,53696
"26163576001","Census Tract 5760.01","Wayne County","Michigan",1795,0.66,59185
"26163576100","Census Tract 5761","Wayne County","Michigan",6345,0.86,64481
"26163576200","Census Tract 5762","Wayne County","Michigan",2349,0.9,80869
"26163576300","Census Tract 5763","Wayne County","Michigan",2613,0.87,76797
"26163576400","Census Tract 5764","Wayne County","Michigan",3729,0.85,90138
"26163576500","Census Tract 5765","Wayne County","Michigan",3964,0.84,81544
"26163576600","Census Tract 5766","Wayne County","Michigan",4354,0.81,87708
"26163576700","Census Tract 5767","Wayne County","Michigan",3246,0.83,75952
"26163577000","Census Tract 5770","Wayne County","Michigan",4637,0.4,46885
"26163577100","Census Tract 5771","Wayne County","Michigan",2658,0.53,39013
"26163577200","Census Tract 5772","Wayne County","Michigan",4175,0.61,58977
"26163577300","Census Tract 5773","Wayne County","Michigan",3294,0.68,63750
"26163577400","Census Tract 5774","Wayne County","Michigan",3860,0.62,67917
"26163577500","Census Tract 5775","Wayne County","Michigan",3340,0.57,59963
"26163577600","Census Tract 5776","Wayne County","Michigan",3777,0.69,66122
"26163577700","Census Tract 5777","Wayne County","Michigan",2326,0.77,62875
"26163577800","Census Tract 5778","Wayne County","Michigan",5066,0.84,69653
"26163577900","Census Tract 5779","Wayne County","Michigan",3903,0.88,44312
"26163578000","Census Tract 5780","Wayne County","Michigan",2771,0.7,45188
"26163578500","Census Tract 5785","Wayne County","Michigan",6636,0.73,41504
"26163578600","Census Tract 5786","Wayne County","Michigan",6003,0.75,35826
"26163579100","Census Tract 5791","Wayne County","Michigan",1309,0.63,28958
"26163579200","Census Tract 5792","Wayne County","Michigan",3496,0.51,24080
"26163579300","Census Tract 5793","Wayne County","Michigan",2395,0.01,27660
"26163579501","Census Tract 5795.01","Wayne County","Michigan",1788,0.26,33281
"26163579600","Census Tract 5796","Wayne County","Michigan",3270,0.01,55286
"26163579700","Census Tract 5797","Wayne County","Michigan",2584,0.55,35632
"26163579800","Census Tract 5798","Wayne County","Michigan",1650,0.56,48309
"26163579900","Census Tract 5799","Wayne County","Michigan",5850,0.86,74750
"26163580100","Census Tract 5801","Wayne County","Michigan",2084,0.91,60000
"26163580200","Census Tract 5802","Wayne County","Michigan",2631,0.88,60188
"26163580300","Census Tract 5803","Wayne County","Michigan",2701,0.93,61667
"26163580400","Census Tract 5804","Wayne County","Michigan",2499,0.9,82703
"26163580500","Census Tract 5805","Wayne County","Michigan",2818,0.98,68967
"26163580600","Census Tract 5806","Wayne County","Michigan",2987,0.85,62270
"26163580700","Census Tract 5807","Wayne County","Michigan",3809,0.85,46960
"26163580800","Census Tract 5808","Wayne County","Michigan",1278,0.94,65750
"26163580900","Census Tract 5809","Wayne County","Michigan",4050,0.89,59464
"26163581101","Census Tract 5811.01","Wayne County","Michigan",3686,0.75,68250
"26163581200","Census Tract 5812","Wayne County","Michigan",3431,0.83,44675
"26163581500","Census Tract 5815","Wayne County","Michigan",2247,0.92,74653
"26163581600","Census Tract 5816","Wayne County","Michigan",6003,0.66,69405
"26163581800","Census Tract 5818","Wayne County","Michigan",2688,0.84,42346
"26163581900","Census Tract 5819","Wayne County","Michigan",4689,0.84,76193
"26163582000","Census Tract 5820","Wayne County","Michigan",3059,0.78,43938
"26163582100","Census Tract 5821","Wayne County","Michigan",4145,0.9,74597
"26163583001","Census Tract 5830.01","Wayne County","Michigan",2638,0.89,55385
"26163583101","Census Tract 5831.01","Wayne County","Michigan",3197,0.78,46740
"26163583200","Census Tract 5832","Wayne County","Michigan",2462,0.67,54375
"26163583300","Census Tract 5833","Wayne County","Michigan",2551,0.77,67879
"26163583400","Census Tract 5834","Wayne County","Michigan",5436,0.87,80256
"26163583500","Census Tract 5835","Wayne County","Michigan",2527,0.9,59200
"26163583600","Census Tract 5836","Wayne County","Michigan",2961,0.81,89444
"26163583700","Census Tract 5837","Wayne County","Michigan",3908,0.83,78976
"26163583800","Census Tract 5838","Wayne County","Michigan",4805,0.7,69961
"26163583900","Census Tract 5839","Wayne County","Michigan",4341,0.5,52614
"26163584000","Census Tract 5840","Wayne County","Michigan",4635,0.77,55208
"26163584100","Census Tract 5841","Wayne County","Michigan",1594,0.86,63750
"26163584200","Census Tract 5842","Wayne County","Michigan",3609,0.62,49297
"26163584300","Census Tract 5843","Wayne County","Michigan",1961,0.68,53679
"26163584400","Census Tract 5844","Wayne County","Michigan",2533,0.72,59033
"26163584501","Census Tract 5845.01","Wayne County","Michigan",2816,0.52,85714
"26163584600","Census Tract 5846","Wayne County","Michigan",2188,0.51,35461
"26163584700","Census Tract 5847","Wayne County","Michigan",2245,0.83,54500
"26163584801","Census Tract 5848.01","Wayne County","Michigan",3481,0.26,NA
"26163584802","Census Tract 5848.02","Wayne County","Michigan",2981,0.37,50223
"26163585500","Census Tract 5855","Wayne County","Michigan",1666,0.85,48590
"26163585600","Census Tract 5856","Wayne County","Michigan",3844,0.17,66750
"26163585700","Census Tract 5857","Wayne County","Michigan",1979,0.47,57153
"26163585800","Census Tract 5858","Wayne County","Michigan",5015,0.45,65217
"26163585900","Census Tract 5859","Wayne County","Michigan",2869,0.6,53125
"26163586201","Census Tract 5862.01","Wayne County","Michigan",7984,0.42,80556
"26163586300","Census Tract 5863","Wayne County","Michigan",1683,0.85,77667
"26163587000","Census Tract 5870","Wayne County","Michigan",3979,0.7,55979
"26163587900","Census Tract 5879","Wayne County","Michigan",7272,0.53,83603
"26163588001","Census Tract 5880.01","Wayne County","Michigan",3650,0.49,98343
"26163588002","Census Tract 5880.02","Wayne County","Michigan",2962,0.68,68783
"26163588101","Census Tract 5881.01","Wayne County","Michigan",1668,0.76,58052
"26163588102","Census Tract 5881.02","Wayne County","Michigan",1207,0.84,59286
"26163588200","Census Tract 5882","Wayne County","Michigan",3254,0.47,46500
"26163588300","Census Tract 5883","Wayne County","Michigan",4999,0.84,78164
"26163588400","Census Tract 5884","Wayne County","Michigan",5202,0.6,86563
"26163589300","Census Tract 5893","Wayne County","Michigan",3744,0.88,82500
"26163589401","Census Tract 5894.01","Wayne County","Michigan",2689,0.81,62334
"26163589402","Census Tract 5894.02","Wayne County","Michigan",3194,0.66,71778
"26163590401","Census Tract 5904.01","Wayne County","Michigan",8654,0.83,93835
"26163590500","Census Tract 5905","Wayne County","Michigan",5644,0.9,65439
"26163590600","Census Tract 5906","Wayne County","Michigan",2568,0.86,91641
"26163591501","Census Tract 5915.01","Wayne County","Michigan",3933,0.55,50407
"26163591502","Census Tract 5915.02","Wayne County","Michigan",3306,0.79,87656
"26163591600","Census Tract 5916","Wayne County","Michigan",2084,0.62,86373
"26163591700","Census Tract 5917","Wayne County","Michigan",6855,0.82,106821
"26163591800","Census Tract 5918","Wayne County","Michigan",6484,0.77,73643
"26163591900","Census Tract 5919","Wayne County","Michigan",5610,0.91,69310
"26163592000","Census Tract 5920","Wayne County","Michigan",4739,0.85,101250
"26163593001","Census Tract 5930.01","Wayne County","Michigan",5548,0.85,73879
"26163593200","Census Tract 5932","Wayne County","Michigan",3742,0.89,81444
"26163593301","Census Tract 5933.01","Wayne County","Michigan",3577,0.86,73021
"26163594000","Census Tract 5940","Wayne County","Michigan",2405,0.92,64917
"26163594100","Census Tract 5941","Wayne County","Michigan",4287,0.98,70362
"26163594200","Census Tract 5942","Wayne County","Michigan",2596,0.93,105069
"26163594300","Census Tract 5943","Wayne County","Michigan",2969,0.94,81316
"26163594401","Census Tract 5944.01","Wayne County","Michigan",2914,0.86,62965
"26163594500","Census Tract 5945","Wayne County","Michigan",3249,0.86,91949
"26163595000","Census Tract 5950","Wayne County","Michigan",3931,0.88,68045
"26163595100","Census Tract 5951","Wayne County","Michigan",5462,0.77,68901
"26163595201","Census Tract 5952.01","Wayne County","Michigan",2997,0.88,78690
"26163596100","Census Tract 5961","Wayne County","Michigan",3789,0.89,115855
"26163596200","Census Tract 5962","Wayne County","Michigan",4248,0.91,136875
"26163596300","Census Tract 5963","Wayne County","Michigan",2658,0.91,135052
"26163597000","Census Tract 5970","Wayne County","Michigan",4950,0.9,80392
"26163598000","Census Tract 5980","Wayne County","Michigan",3232,0.87,93036
"26163599001","Census Tract 5990.01","Wayne County","Michigan",5292,0.74,57227
"26163599100","Census Tract 5991","Wayne County","Michigan",5156,0.81,76172
"26163981700","Census Tract 9817","Wayne County","Michigan",0,NA,NA
"26163981800","Census Tract 9818","Wayne County","Michigan",0,NA,NA
"26163981901","Census Tract 9819.01","Wayne County","Michigan",0,NA,NA
"26163981902","Census Tract 9819.02","Wayne County","Michigan",0,NA,NA
"26163982000","Census Tract 9820","Wayne County","Michigan",0,NA,NA
"26163982101","Census Tract 9821.01","Wayne County","Michigan",0,NA,NA
"26163982102","Census Tract 9821.02","Wayne County","Michigan",0,NA,NA
"26163982200","Census Tract 9822","Wayne County","Michigan",0,NA,NA
"26163982301","Census Tract 9823.01","Wayne County","Michigan",0,NA,NA
"26163982302","Census Tract 9823.02","Wayne County","Michigan",0,NA,NA
"26163982400","Census Tract 9824","Wayne County","Michigan",68,0.87,20625
"26163982500","Census Tract 9825","Wayne County","Michigan",0,NA,NA
"26163982600","Census Tract 9826","Wayne County","Michigan",0,NA,NA
"26163982700","Census Tract 9827","Wayne County","Michigan",0,NA,NA
"26163982900","Census Tract 9829","Wayne County","Michigan",0,NA,NA
"26163983100","Census Tract 9831","Wayne County","Michigan",0,NA,NA
"26163983200","Census Tract 9832","Wayne County","Michigan",0,NA,NA
"26163983301","Census Tract 9833.01","Wayne County","Michigan",0,NA,NA
"26163983302","Census Tract 9833.02","Wayne County","Michigan",0,NA,NA
"26163983400","Census Tract 9834","Wayne County","Michigan",412,0.59,NA
"26163983600","Census Tract 9836","Wayne County","Michigan",0,NA,NA
"26163983700","Census Tract 9837","Wayne County","Michigan",0,NA,NA
"26163983800","Census Tract 9838","Wayne County","Michigan",0,NA,NA
"26163983901","Census Tract 9839.01","Wayne County","Michigan",23,0.3,NA
"26163983902","Census Tract 9839.02","Wayne County","Michigan",0,NA,NA
"26163983903","Census Tract 9839.03","Wayne County","Michigan",0,NA,NA
"26163984100","Census Tract 9841","Wayne County","Michigan",0,NA,NA
"26163984200","Census Tract 9842","Wayne County","Michigan",0,NA,NA
"26163985000","Census Tract 9850","Wayne County","Michigan",0,NA,NA
"26163985100","Census Tract 9851","Wayne County","Michigan",471,0.33,41875
"26163985200","Census Tract 9852","Wayne County","Michigan",0,NA,NA
"26163985300","Census Tract 9853","Wayne County","Michigan",193,0.62,NA
"26163985400","Census Tract 9854","Wayne County","Michigan",15,0.53,NA
"26163985500","Census Tract 9855","Wayne County","Michigan",0,NA,NA
"26163985600","Census Tract 9856","Wayne County","Michigan",0,NA,NA
"26163985700","Census Tract 9857","Wayne County","Michigan",0,NA,NA
"26163985800","Census Tract 9858","Wayne County","Michigan",0,NA,NA
"26163985900","Census Tract 9859","Wayne County","Michigan",0,NA,NA
"26163986100","Census Tract 9861","Wayne County","Michigan",0,NA,NA
"26163986200","Census Tract 9862","Wayne County","Michigan",0,NA,NA
"26163986300","Census Tract 9863","Wayne County","Michigan",0,NA,NA
"26163986400","Census Tract 9864","Wayne County","Michigan",0,NA,NA
"26163986501","Census Tract 9865.01","Wayne County","Michigan",0,NA,NA
"26163986502","Census Tract 9865.02","Wayne County","Michigan",0,NA,NA
"26163986600","Census Tract 9866","Wayne County","Michigan",0,NA,NA
"26163987000","Census Tract 9870","Wayne County","Michigan",0,NA,NA
"26163990100","Census Tract 9901","Wayne County","Michigan",0,NA,NA
"26163990200","Census Tract 9902","Wayne County","Michigan",0,NA,NA
