"MSA_GEOID","MSA_NAME","avg_frequency","chain_pct"
10180,"Abilene, TX",1891.30626450116,0.522041763341067
10420,"Akron, OH",1520.44529262087,0.418999151823579
10500,"Albany, GA",2335.20375335121,0.53083109919571
10540,"Albany-Lebanon, OR",1292.26553672316,0.282485875706215
10580,"Albany-Schenectady-Troy, NY",1184.27827233762,0.293109132871744
10740,"Albuquerque, NM",1479.65478841871,0.435634743875278
10780,"Alexandria, LA",2107.38360655738,0.459016393442623
10900,"Allentown-Bethlehem-Easton, PA-NJ",670.08192281652,0.275558564658091
11020,"Altoona, PA",1707.16713091922,0.428969359331476
11100,"Amarillo, TX",697.74378585086,0.458891013384321
11180,"Ames, IA",1698.29655172414,0.458620689655172
11460,"Ann Arbor, MI",1427.48107569721,0.399402390438247
11500,"Anniston-Oxford, AL",1959.41064638783,0.574144486692015
11540,"Appleton, WI",1389.08393632417,0.354558610709117
11700,"Asheville, NC",1282.14248704663,0.367227979274611
12020,"Athens-Clarke County, GA",1222.4118616145,0.42998352553542
12060,"Atlanta-Sandy Springs-Alpharetta, GA",1343.78409825469,0.429411764705882
12100,"Atlantic City-Hammonton, NJ",400.01540436457,0.251604621309371
12220,"Auburn-Opelika, AL",1349.10336538462,0.46875
12260,"Augusta-Richmond County, GA-SC",1711.85013623978,0.52724795640327
12420,"Austin-Round Rock-Georgetown, TX",926.667472375691,0.373618784530387
12540,"Bakersfield, CA",1724.79068396226,0.461084905660377
12580,"Baltimore-Columbia-Towson, MD",1232.9954624316,0.331776324569598
12620,"Bangor, ME",1869.58717948718,0.376923076923077
12700,"Barnstable Town, MA",535.277080062794,0.189952904238619
12940,"Baton Rouge, LA",1825.12347988775,0.449953227315248
12980,"Battle Creek, MI",2144.70481927711,0.430722891566265
13020,"Bay City, MI",1917.78846153846,0.353846153846154
13140,"Beaumont-Port Arthur, TX",1934.1495601173,0.516129032258065
13220,"Beckley, WV",2095.35928143713,0.57185628742515
13380,"Bellingham, WA",1241.37991266376,0.314410480349345
13460,"Bend, OR",976.615873015873,0.287301587301587
13740,"Billings, MT",1391.17435897436,0.345299145299145
13780,"Binghamton, NY",1613.43261455526,0.342318059299191
13820,"Birmingham-Hoover, AL",1708.40043843624,0.509682133723054
13900,"Bismarck, ND",1746.08771929825,0.47719298245614
13980,"Blacksburg-Christiansburg, VA",1991.90758293839,0.511848341232228
14010,"Bloomington, IL",2077.03614457831,0.513253012048193
14020,"Bloomington, IN",1394.84545454545,0.436363636363636
14100,"Bloomsburg-Berwick, PA",1773.68333333333,0.354166666666667
14260,"Boise City, ID",1484.2533026996,0.455485353245261
14460,"Boston-Cambridge-Newton, MA-NH",815.655933704453,0.279921558704453
14500,"Boulder, CO",596.733746130031,0.314757481940145
14540,"Bowling Green, KY",1830.53440366972,0.557339449541284
14740,"Bremerton-Silverdale-Port Orchard, WA",1326.95281582953,0.313546423135464
14860,"Bridgeport-Stamford-Norwalk, CT",887.144438444924,0.230561555075594
15180,"Brownsville-Harlingen, TX",1497.93474088292,0.358925143953935
15260,"Brunswick, GA",1389.75,0.427083333333333
15380,"Buffalo-Cheektowaga, NY",1016.59576399395,0.293494704992436
15500,"Burlington, NC",1770.90609137056,0.50253807106599
15540,"Burlington-South Burlington, VT",1201.0245398773,0.271472392638037
15680,"California-Lexington Park, MD",1699.03361344538,0.42436974789916
15940,"Canton-Massillon, OH",1900.99568965517,0.439655172413793
15980,"Cape Coral-Fort Myers, FL",1418.17347453353,0.373171961674231
16020,"Cape Girardeau, MO-IL",1934.95416666667,0.5375
16060,"Carbondale-Marion, IL",1894.87601078167,0.444743935309973
16180,"Carson City, NV",1283.71794871795,0.425641025641025
16220,"Casper, WY",1843.63436123348,0.493392070484581
16300,"Cedar Rapids, IA",1539.12569060773,0.417127071823204
16540,"Chambersburg-Waynesboro, PA",1629.1975308642,0.407407407407407
16580,"Champaign-Urbana, IL",1527.15482954545,0.461647727272727
16620,"Charleston, WV",1739.07537012113,0.567967698519516
16700,"Charleston-North Charleston, SC",1186.61553784861,0.390438247011952
16740,"Charlotte-Concord-Gastonia, NC-SC",1422.39880444065,0.452092228864219
16820,"Charlottesville, VA",1137.84788732394,0.311267605633803
16860,"Chattanooga, TN-GA",1303.95089285714,0.44047619047619
16940,"Cheyenne, WY",2280.52631578947,0.545454545454545
16980,"Chicago-Naperville-Elgin, IL-IN-WI",1211.27479131886,0.335373771099981
17020,"Chico, CA",1154.61904761905,0.324514991181658
17140,"Cincinnati, OH-KY-IN",1517.09177954227,0.495095749649696
17300,"Clarksville, TN-KY",1936.32049306626,0.560862865947612
17420,"Cleveland, TN",2165.18215613383,0.520446096654275
17460,"Cleveland-Elyria, OH",1326.43849631216,0.384963121579824
17660,"Coeur d'Alene, ID",1252.83711340206,0.336082474226804
17780,"College Station-Bryan, TX",1470.06146926537,0.466266866566717
17820,"Colorado Springs, CO",1548.80711271851,0.451476793248945
17860,"Columbia, MO",1424.25943396226,0.45125786163522
17900,"Columbia, SC",1509.39447513812,0.521546961325967
17980,"Columbus, GA-AL",1223.23170731707,0.481029810298103
18020,"Columbus, IN",1702.10599078341,0.483870967741936
18140,"Columbus, OH",1576.85688005887,0.458793230316409
18580,"Corpus Christi, TX",1297.48313492063,0.39781746031746
18700,"Corvallis, OR",1518.57046979866,0.38255033557047
18880,"Crestview-Fort Walton Beach-Destin, FL",926.208,0.360888888888889
19060,"Cumberland, MD-WV",2054.7037037037,0.432098765432099
19100,"Dallas-Fort Worth-Arlington, TX",1203.01483840895,0.435752019888129
19140,"Dalton, GA",1838.26100628931,0.534591194968554
19180,"Danville, IL",2003.45355191257,0.469945355191257
19300,"Daphne-Fairhope-Foley, AL",1431.88711819389,0.409030544488712
19340,"Davenport-Moline-Rock Island, IA-IL",1493.68122270742,0.421834061135371
19430,"Dayton-Kettering, OH",1704.60942408377,0.529319371727749
19460,"Decatur, AL",1811.83381088825,0.487106017191977
19500,"Decatur, IL",2103.27645051195,0.47098976109215
19660,"Deltona-Daytona Beach-Ormond Beach, FL",1234.46838551258,0.38121546961326
19740,"Denver-Aurora-Lakewood, CO",1181.42778014487,0.396534583155802
19780,"Des Moines-West Des Moines, IA",1560.16992733371,0.480156512017887
19820,"Detroit-Warren-Dearborn, MI",1392.82447836167,0.396541731066461
20020,"Dothan, AL",1914.50454545455,0.477272727272727
20100,"Dover, DE",1471.88764044944,0.469662921348315
20220,"Dubuque, IA",1322.63777089783,0.408668730650155
20260,"Duluth, MN-WI",1324.78142695357,0.312570781426954
20500,"Durham-Chapel Hill, NC",1390.28284182306,0.408847184986595
20700,"East Stroudsburg, PA",1033.30360934183,0.301486199575372
20740,"Eau Claire, WI",1485.08720930233,0.35077519379845
20940,"El Centro, CA",1530.35666666667,0.47
21060,"Elizabethtown-Fort Knox, KY",1877.04416403785,0.596214511041009
21140,"Elkhart-Goshen, IN",2438.65292841649,0.483731019522777
21300,"Elmira, NY",1717.18257261411,0.352697095435685
21340,"El Paso, TX",985.372173913044,0.393913043478261
21420,"Enid, OK",1758.0625,0.46875
21500,"Erie, PA",1760.7014084507,0.395774647887324
21660,"Eugene-Springfield, OR",1544.57636887608,0.335734870317003
21780,"Evansville, IN-KY",1813.12470023981,0.49400479616307
22020,"Fargo, ND-MN",1690.795,0.481666666666667
22140,"Farmington, NM",2113.03238866397,0.538461538461538
22180,"Fayetteville, NC",1951.32511848341,0.530805687203792
22220,"Fayetteville-Springdale-Rogers, AR",1359.76995305164,0.466353677621283
22380,"Flagstaff, AZ",1288.38579654511,0.314779270633397
22420,"Flint, MI",1829.44350580781,0.446673706441394
22500,"Florence, SC",1835.73236514523,0.516597510373444
22520,"Florence-Muscle Shoals, AL",1595.96163682864,0.447570332480818
22540,"Fond du Lac, WI",1161.38405797101,0.260869565217391
22660,"Fort Collins, CO",977.460839954597,0.388195232690125
22900,"Fort Smith, AR-OK",1894.98519736842,0.539473684210526
23060,"Fort Wayne, IN",2050.19653767821,0.477596741344196
23420,"Fresno, CA",1088.65265957447,0.31968085106383
23460,"Gadsden, AL",1989.88537549407,0.553359683794466
23540,"Gainesville, FL",1516.86075949367,0.431434599156118
23580,"Gainesville, GA",1668.41590909091,0.509090909090909
23900,"Gettysburg, PA",1606.41841004184,0.301255230125523
24020,"Glens Falls, NY",1050.98248686515,0.262697022767075
24140,"Goldsboro, NC",1859.86759581882,0.487804878048781
24220,"Grand Forks, ND-MN",1831.05882352941,0.444852941176471
24260,"Grand Island, NE",2182.04166666667,0.5
24300,"Grand Junction, CO",1733.14043583535,0.447941888619855
24340,"Grand Rapids-Kentwood, MI",1826.88667232598,0.436332767402377
24420,"Grants Pass, OR",1034.93939393939,0.295454545454546
24500,"Great Falls, MT",1479.07407407407,0.411522633744856
24540,"Greeley, CO",1794.42211055276,0.455611390284757
24580,"Green Bay, WI",1610.43246187364,0.31917211328976
24660,"Greensboro-High Point, NC",1579.12513484358,0.441747572815534
24780,"Greenville, NC",1610.52127659574,0.527659574468085
24860,"Greenville-Anderson, SC",1404.63958238765,0.448479346345892
25060,"Gulfport-Biloxi, MS",1813.0015936255,0.407171314741036
25180,"Hagerstown-Martinsburg, MD-WV",1785.13636363636,0.462121212121212
25220,"Hammond, LA",2055.54941860465,0.465116279069767
25260,"Hanford-Corcoran, CA",1709.88764044944,0.453183520599251
25420,"Harrisburg-Carlisle, PA",1093.15638207946,0.344040574809806
25500,"Harrisonburg, VA",1609.21813031161,0.427762039660057
25540,"Hartford-East Hartford-Middletown, CT",1353.04843918192,0.328310010764263
25620,"Hattiesburg, MS",1935.83054393305,0.502092050209205
25860,"Hickory-Lenoir-Morganton, NC",1593.26552462527,0.45610278372591
25940,"Hilton Head Island-Bluffton, SC",1028.13811420983,0.335989375830013
25980,"Hinesville, GA",2199.88823529412,0.541176470588236
26140,"Homosassa Springs, FL",1451.84,0.335384615384615
26300,"Hot Springs, AR",1544.38461538462,0.398860398860399
26380,"Houma-Thibodaux, LA",1799.7673992674,0.39010989010989
26420,"Houston-The Woodlands-Sugar Land, TX",1153.48242552155,0.393457261141326
26580,"Huntington-Ashland, WV-KY-OH",2018.25339366516,0.588235294117647
26620,"Huntsville, AL",1570.34816753927,0.496509598603839
26820,"Idaho Falls, ID",1516.00595238095,0.440476190476191
26900,"Indianapolis-Carmel-Anderson, IN",1695.06787148594,0.489759036144578
26980,"Iowa City, IA",1244.28656126482,0.430830039525692
27060,"Ithaca, NY",937.011111111111,0.266666666666667
27100,"Jackson, MI",2415.95483870968,0.467741935483871
27140,"Jackson, MS",1832.01147227533,0.499043977055449
27180,"Jackson, TN",1978.17898832685,0.480544747081712
27260,"Jacksonville, FL",1370.51950617284,0.444691358024691
27340,"Jacksonville, NC",1761.9976635514,0.516355140186916
27500,"Janesville-Beloit, WI",1569.90692640693,0.41991341991342
27620,"Jefferson City, MO",2023.97023809524,0.419642857142857
27740,"Johnson City, TN",1294.2418699187,0.5
27780,"Johnstown, PA",1535.42234332425,0.346049046321526
27860,"Jonesboro, AR",1821.06267806268,0.535612535612536
27900,"Joplin, MO",1915.81879194631,0.539149888143177
28020,"Kalamazoo-Portage, MI",1786.94776119403,0.455223880597015
28100,"Kankakee, IL",1694.69306930693,0.485148514851485
28140,"Kansas City, MO-KS",1728.77323884952,0.495831596498541
28420,"Kennewick-Richland, WA",1537.96385542169,0.412650602409639
28660,"Killeen-Temple, TX",1731.9168591224,0.46189376443418
28700,"Kingsport-Bristol, TN-VA",2052.18205128205,0.51025641025641
28740,"Kingston, NY",668.395721925134,0.212566844919786
28940,"Knoxville, TN",1720.22507122507,0.510446343779677
29020,"Kokomo, IN",1740.60084033613,0.512605042016807
29100,"La Crosse-Onalaska, WI-MN",1191.47429906542,0.338785046728972
29180,"Lafayette, LA",1568.50252707581,0.378339350180505
29200,"Lafayette-West Lafayette, IN",1555.80310880829,0.464594127806563
29340,"Lake Charles, LA",2193.55360623782,0.491228070175439
29420,"Lake Havasu City-Kingman, AZ",1430.95094339623,0.415094339622642
29460,"Lakeland-Winter Haven, FL",1607.17996987952,0.442771084337349
29540,"Lancaster, PA",1212.14732824427,0.29618320610687
29620,"Lansing-East Lansing, MI",1778.2234123948,0.449120122417751
29700,"Laredo, TX",798.242774566474,0.314065510597303
29740,"Las Cruces, NM",1787.12077294686,0.449275362318841
29820,"Las Vegas-Henderson-Paradise, NV",1104.09069333785,0.391591795219529
29940,"Lawrence, KS",1433.24137931034,0.425287356321839
30020,"Lawton, OK",1683.75974025974,0.50974025974026
30140,"Lebanon, PA",1606.65231788079,0.337748344370861
30300,"Lewiston, ID-WA",1209.80225988701,0.327683615819209
30340,"Lewiston-Auburn, ME",1735.84210526316,0.378947368421053
30460,"Lexington-Fayette, KY",1651.73310580205,0.501706484641638
30620,"Lima, OH",1928.54814814815,0.485185185185185
30700,"Lincoln, NE",1691.33292383292,0.504914004914005
30780,"Little Rock-North Little Rock-Conway, AR",1809.7974616605,0.489687995769434
30860,"Logan, UT-ID",1844.5141509434,0.589622641509434
30980,"Longview, TX",1708.54521276596,0.542553191489362
31020,"Longview, WA",2349.77333333333,0.353333333333334
31080,"Los Angeles-Long Beach-Anaheim, CA",540.782935349572,0.289754510216778
31140,"Louisville/Jefferson County, KY-IN",1804.18093645485,0.502006688963211
31180,"Lubbock, TX",1557.33774834437,0.524503311258278
31340,"Lynchburg, VA",1852.73781512605,0.448739495798319
31420,"Macon-Bibb County, GA",1758.13109756098,0.507621951219512
31460,"Madera, CA",1964.33215547703,0.402826855123675
31540,"Madison, WI",1266.78363988383,0.341239109390126
31700,"Manchester-Nashua, NH",1083.29247104247,0.303088803088803
31740,"Manhattan, KS",1551.55614973262,0.497326203208556
31860,"Mankato, MN",1631.9173553719,0.512396694214876
31900,"Mansfield, OH",2064.33114754098,0.452459016393443
32580,"McAllen-Edinburg-Mission, TX",1348.57727517501,0.396876682821756
32780,"Medford, OR",1367.29702970297,0.366336633663366
32820,"Memphis, TN-MS-AR",1355.23365668494,0.450442851117672
32900,"Merced, CA",1871.30858468678,0.45707656612529
33100,"Miami-Fort Lauderdale-Pompano Beach, FL",1006.31279482849,0.27639624949042
33140,"Michigan City-La Porte, IN",1492.40597014925,0.367164179104478
33220,"Midland, MI",1979.52747252747,0.406593406593407
33260,"Midland, TX",1600.09138381201,0.493472584856397
33340,"Milwaukee-Waukesha, WI",1269.80745672437,0.33422103861518
33460,"Minneapolis-St. Paul-Bloomington, MN-WI",1366.89608755818,0.416907787143037
33540,"Missoula, MT",1206.40617577197,0.382422802850356
33660,"Mobile, AL",1551.64668094218,0.475374732334047
33700,"Modesto, CA",1027.85644768856,0.418491484184915
33740,"Monroe, LA",1835.77839851024,0.51024208566108
33780,"Monroe, MI",1942.23762376238,0.409240924092409
33860,"Montgomery, AL",1892.49519743863,0.531483457844184
34060,"Morgantown, WV",1514.62118126273,0.395112016293279
34100,"Morristown, TN",2491.0819112628,0.535836177474403
34580,"Mount Vernon-Anacortes, WA",909.123076923077,0.294505494505494
34620,"Muncie, IN",2304.69230769231,0.582417582417582
34740,"Muskegon, MI",1959.56182795699,0.42741935483871
34820,"Myrtle Beach-Conway-North Myrtle Beach, SC-NC",1023.94809069212,0.366348448687351
34900,"Napa, CA",307.676136363636,0.1875
34940,"Naples-Marco Island, FL",947.667673716012,0.312185297079557
34980,"Nashville-Davidson--Murfreesboro--Franklin, TN",1544.20135507093,0.481261909803091
35100,"New Bern, NC",1922.12951807229,0.478915662650602
35300,"New Haven-Milford, CT",1120.81894807822,0.280175320296696
35380,"New Orleans-Metairie, LA",1261.68472222222,0.311574074074074
35620,"New York-Newark-Jersey City, NY-NJ-PA",551.107712410537,0.192691473881151
35660,"Niles, MI",1456.31673306773,0.332669322709163
35840,"North Port-Sarasota-Bradenton, FL",965.423728813559,0.331006979062812
35980,"Norwich-New London, CT",1538.83189655172,0.322198275862069
36100,"Ocala, FL",1836.94917407878,0.476493011435832
36140,"Ocean City, NJ",335.157342657343,0.152680652680653
36220,"Odessa, TX",1623.42618384401,0.481894150417827
36260,"Ogden-Clearfield, UT",1824.69557675629,0.496097137901127
36420,"Oklahoma City, OK",1542.04124962087,0.518350015165302
36500,"Olympia-Lacey-Tumwater, WA",1892.17897091723,0.364653243847875
36540,"Omaha-Council Bluffs, NE-IA",1404.60849056604,0.473794549266247
36740,"Orlando-Kissimmee-Sanford, FL",1171.44166911549,0.420658242727006
36780,"Oshkosh-Neenah, WI",1649.50934579439,0.355140186915888
36980,"Owensboro, KY",2305.224,0.54
37100,"Oxnard-Thousand Oaks-Ventura, CA",468.436495176849,0.303054662379421
37340,"Palm Bay-Melbourne-Titusville, FL",1332.53974895397,0.375871687587169
37460,"Panama City, FL",1340.46944083225,0.427828348504551
37620,"Parkersburg-Vienna, WV",1519.65034965035,0.503496503496504
37860,"Pensacola-Ferry Pass-Brent, FL",1558.8518907563,0.473739495798319
37900,"Peoria, IL",1372.49818445897,0.353667392883079
37980,"Philadelphia-Camden-Wilmington, PA-NJ-DE-MD",604.053071009341,0.301314375464991
38060,"Phoenix-Mesa-Chandler, AZ",1375.33116297706,0.450465791846138
38220,"Pine Bluff, AR",2085.46892655367,0.497175141242938
38300,"Pittsburgh, PA",1090.91395623891,0.313128326434063
38340,"Pittsfield, MA",1160.26677577741,0.253682487725041
38540,"Pocatello, ID",1640.19262295082,0.508196721311475
38860,"Portland-South Portland, ME",940.45710394916,0.234679981842941
38900,"Portland-Vancouver-Hillsboro, OR-WA",862.155215379138,0.249911000355999
38940,"Port St. Lucie, FL",1291.10326086957,0.36231884057971
39100,"Poughkeepsie-Newburgh-Middletown, NY",686.747592295345,0.243579454253612
39150,"Prescott Valley-Prescott, AZ",1380.98959881129,0.346210995542348
39300,"Providence-Warwick, RI-MA",798.244020501139,0.290148063781321
39340,"Provo-Orem, UT",1731.69539078156,0.533066132264529
39380,"Pueblo, CO",1697.59825327511,0.40174672489083
39460,"Punta Gorda, FL",1618.49565217391,0.365217391304348
39540,"Racine, WI",1057.53099730458,0.30188679245283
39580,"Raleigh-Cary, NC",1495.49841772152,0.447784810126582
39660,"Rapid City, SD",1577.82151029748,0.441647597254005
39740,"Reading, PA",708.250891795482,0.272294887039239
39820,"Redding, CA",1226.61121856867,0.352030947775629
39900,"Reno, NV",910.089005235602,0.369633507853403
40060,"Richmond, VA",1217.03703703704,0.45679012345679
40140,"Riverside-San Bernardino-Ontario, CA",939.23516986446,0.412075338848794
40220,"Roanoke, VA",1445.58311688312,0.446753246753247
40340,"Rochester, MN",1403.41385135135,0.342905405405405
40380,"Rochester, NY",1123.45961725592,0.297113201427181
40420,"Rockford, IL",1926.26905829596,0.441704035874439
40580,"Rocky Mount, NC",1874.003003003,0.531531531531532
40660,"Rome, GA",1899.57317073171,0.548780487804878
40900,"Sacramento-Roseville-Folsom, CA",1034.76929392447,0.387794198139026
40980,"Saginaw, MI",2063.26855895197,0.497816593886463
41060,"St. Cloud, MN",1634.7242582897,0.411867364746946
41100,"St. George, UT",1619.8453038674,0.480662983425414
41140,"St. Joseph, MO-KS",2058.59636363636,0.527272727272727
41180,"St. Louis, MO-IL",1364.43281938326,0.426073788546255
41420,"Salem, OR",1318.14909090909,0.309090909090909
41500,"Salinas, CA",843.135107471853,0.282497441146366
41540,"Salisbury, MD-DE",1076.67289719626,0.328855140186916
41620,"Salt Lake City, UT",1347.18414826498,0.450315457413249
41660,"San Angelo, TX",1386.95820895522,0.444776119402985
41700,"San Antonio-New Braunfels, TX",1042.96052222568,0.410009325458502
41740,"San Diego-Chula Vista-Carlsbad, CA",568.193027759845,0.288358080482031
41860,"San Francisco-Oakland-Berkeley, CA",387.466037735849,0.231367924528302
41940,"San Jose-Sunnyvale-Santa Clara, CA",392.565265486726,0.282079646017699
42020,"San Luis Obispo-Paso Robles, CA",785.704355885079,0.258572752548656
42100,"Santa Cruz-Watsonville, CA",591.560160427807,0.252673796791444
42140,"Santa Fe, NM",1036.56814159292,0.27787610619469
42200,"Santa Maria-Santa Barbara, CA",835.866340668297,0.28198859005705
42220,"Santa Rosa-Petaluma, CA",799.387134502924,0.247953216374269
42340,"Savannah, GA",1424.65366972477,0.430428134556575
42540,"Scranton--Wilkes-Barre, PA",633.726523887974,0.254805052169138
42660,"Seattle-Tacoma-Bellevue, WA",834.257708145024,0.272270764286432
42680,"Sebastian-Vero Beach, FL",1173.06833712984,0.323462414578588
42700,"Sebring-Avon Park, FL",1570.37860082305,0.411522633744856
43100,"Sheboygan, WI",1413.11363636364,0.318181818181818
43300,"Sherman-Denison, TX",1354.43674698795,0.533132530120482
43340,"Shreveport-Bossier City, LA",1756.73172987974,0.482886216466235
43420,"Sierra Vista-Douglas, AZ",1529.21776504298,0.39541547277937
43580,"Sioux City, IA-NE-SD",1604.01333333333,0.442222222222222
43620,"Sioux Falls, SD",1860.43238993711,0.498427672955975
43780,"South Bend-Mishawaka, IN-MI",2091.41481481481,0.444444444444444
43900,"Spartanburg, SC",1535.22510231924,0.478854024556617
44060,"Spokane-Spokane Valley, WA",1292.19600591716,0.378698224852071
44100,"Springfield, IL",1888.67621776504,0.444126074498567
44140,"Springfield, MA",1372.5016722408,0.31055900621118
44180,"Springfield, MO",1677.95266781411,0.476764199655766
44220,"Springfield, OH",2048.82545454545,0.490909090909091
44300,"State College, PA",1378.24590163934,0.351288056206089
44420,"Staunton, VA",1785.23103448276,0.5
44700,"Stockton, CA",1235.22995951417,0.391093117408907
44940,"Sumter, SC",1609.98705501618,0.482200647249191
45060,"Syracuse, NY",1295.76532137519,0.309915296462382
45220,"Tallahassee, FL",1388.95756457565,0.428966789667897
45300,"Tampa-St. Petersburg-Clearwater, FL",1229.85690213869,0.38898250162022
45460,"Terre Haute, IN",1917.64476386037,0.492813141683778
45500,"Texarkana, TX-AR",1638.75240384615,0.495192307692308
45540,"The Villages, FL",2249.13917525773,0.505154639175258
45780,"Toledo, OH",1538.86105799873,0.411727214786488
45820,"Topeka, KS",1638.76071428571,0.457142857142857
45940,"Trenton-Princeton, NJ",377.448430493274,0.255605381165919
46060,"Tucson, AZ",1436.76429199648,0.435356200527704
46140,"Tulsa, OK",1728.3097199341,0.518533772652389
46220,"Tuscaloosa, AL",1772.03938356164,0.522260273972603
46300,"Twin Falls, ID",1622.22635135135,0.472972972972973
46340,"Tyler, TX",1784.76315789474,0.534539473684211
46540,"Utica-Rome, NY",1147.62966915688,0.307363927427962
46660,"Valdosta, GA",1904.11194029851,0.537313432835821
46700,"Vallejo, CA",718.572107765452,0.372424722662441
47020,"Victoria, TX",2165.17937219731,0.484304932735426
47220,"Vineland-Bridgeton, NJ",893.952830188679,0.306603773584906
47260,"Virginia Beach-Norfolk-Newport News, VA-NC",1317.86600221484,0.428848283499446
47300,"Visalia, CA",1338.02911392405,0.413924050632911
47380,"Waco, TX",1525.6539050536,0.490045941807045
47460,"Walla Walla, WA",1214.65789473684,0.282894736842105
47580,"Warner Robins, GA",1932.76179775281,0.593258426966292
47900,"Washington-Arlington-Alexandria, DC-VA-MD-WV",1072.77282682577,0.360546786496488
47940,"Waterloo-Cedar Falls, IA",1552.97457627119,0.470338983050848
48060,"Watertown-Fort Drum, NY",1727.5274151436,0.357702349869452
48140,"Wausau-Weston, WI",1668.00411522634,0.292181069958848
48260,"Weirton-Steubenville, WV-OH",1197.3452685422,0.304347826086956
48300,"Wenatchee, WA",954.467005076142,0.243654822335025
48540,"Wheeling, WV-OH",1637.11648351648,0.4
48620,"Wichita, KS",1749.5302214243,0.484739676840215
48660,"Wichita Falls, TX",2060.95336787565,0.531088082901554
48700,"Williamsport, PA",1164.76149425287,0.258620689655173
48900,"Wilmington, NC",1168.98796389168,0.358074222668004
49020,"Winchester, VA-WV",1993.90616621984,0.482573726541555
49180,"Winston-Salem, NC",1672.11843711844,0.452991452991453
49340,"Worcester, MA-CT",1308.108203125,0.323828125
49420,"Yakima, WA",1632.50176678445,0.386925795053004
49620,"York-Hanover, PA",1149.61381074169,0.335038363171356
49660,"Youngstown-Warren-Boardman, OH-PA",1843.65745454545,0.416727272727273
49700,"Yuba City, CA",1500.04923076923,0.433846153846154
49740,"Yuma, AZ",1912.44179104478,0.53134328358209
